line,tag,id,classes,parent
2,html,,,
3,head,,,html
4,meta,,,head
5,meta,,,head
6,meta,,,head
7,meta,,,head
8,meta,,,head
9,meta,,,head
10,meta,,,head
11,title,,,head
12,link,,,head
13,link,,,head
14,link,,,head
15,link,,,head
16,script,,,head
17,script,,,head
40,body,,,html
41,div,app,app,body
42,section,lobby,screen lobby active,app
43,div,,lobby-backdrop,lobby
44,header,,brand-card,lobby
45,div,,brand-avatar,header
45,span,,,div
45,span,,,div
46,div,,,header
47,p,,eyebrow,div
48,h1,,,div
49,p,,,div
53,main,,lobby-layout,lobby
54,section,,panel hero-panel,main
55,div,viewerShell,viewer-shell,section
56,div,viewerPlaceholder,viewer-placeholder,viewerShell
57,div,,viewer-placeholder-mark,viewerPlaceholder
58,strong,,,viewerPlaceholder
59,span,viewerStatus,,viewerPlaceholder
60,button,viewerLoadBtn,btn primary,viewerPlaceholder
62,model-viewer,nativeViewer,,viewerShell
63,button,insideArBtn,floating-ar-btn,nativeViewer
66,div,,hero-copy,section
67,span,,badge,div
68,h2,,,div
69,p,,,div
70,div,,hero-actions,div
71,button,playBtn,btn primary xl,div
72,button,continueBtn,btn xl,div
77,aside,,panel menu-panel,main
78,button,profileNameBtn,profile-name-card,aside
79,b,,,profileNameBtn
79,span,,,profileNameBtn
79,small,,,span
79,strong,lobbyPlayerName,,span
79,i,accountStatusLabel,,profileNameBtn
81,div,,profile-strip,aside
82,div,,profile-level,div
82,small,,,div
82,strong,lobbyLevel,,div
83,div,,,div
83,small,,,div
83,strong,lobbyCoins,,div
84,div,,,div
84,small,,,div
84,strong,lobbyRep,,div
85,div,,,div
85,small,,,div
85,strong,lobbyMedals,,div
87,div,,menu-grid,aside
88,button,installBtn,menu-tile install app-install-tile,div
88,img,,,installBtn
88,span,,,installBtn
88,strong,,,span
88,small,,,span
89,button,arBtn,menu-tile,div
89,b,,,arBtn
89,span,,,arBtn
90,button,quizBtn,menu-tile academy-tile,div
90,b,,,quizBtn
90,span,,,quizBtn
90,small,,,quizBtn
91,button,learningPathBtn,menu-tile learning-path-tile,div
91,b,,,learningPathBtn
91,span,,,learningPathBtn
91,small,,,learningPathBtn
92,button,neighborhoodBtn,menu-tile neighborhood-tile,div
92,b,,,neighborhoodBtn
92,span,,,neighborhoodBtn
92,small,,,neighborhoodBtn
93,button,collectionBtn,menu-tile,div
93,b,,,collectionBtn
93,span,,,collectionBtn
94,button,avatarBtn,menu-tile,div
94,b,,,avatarBtn
94,span,,,avatarBtn
95,button,accountBtn,menu-tile account-tile,div
95,b,,,accountBtn
95,span,,,accountBtn
95,small,,,accountBtn
96,button,moldsBtn,menu-tile,div
96,b,,,moldsBtn
96,span,,,moldsBtn
97,button,howBtn,menu-tile,div
97,b,,,howBtn
97,span,,,howBtn
98,button,settingsBtn,menu-tile,div
98,b,,,settingsBtn
98,span,,,settingsBtn
100,p,installHint,install-hint,aside
103,footer,gmSignature,gm-signature,lobby
106,section,game,screen game,app
107,div,stage,stage,game
108,div,screenTint,screen-tint,game
110,header,,game-hud,game
111,div,,identity-box,header
112,div,,mini-avatar,div
112,i,,,div
112,i,,,div
112,span,hudLevel,,div
113,div,,xp-block,div
113,small,hudPlayerName,hud-player-name,div
113,b,,,div
113,div,,,div
113,span,xpFill,,div
113,small,xpText,,div
115,button,needsToggleBtn,needs-summary,header
116,div,,needs-box,header
117,div,,,div
117,span,,,div
117,i,needHunger,,span
118,div,,,div
118,span,,,div
118,i,needEnergy,,span
119,div,,,div
119,span,,,div
119,i,needFun,,span
120,div,,,div
120,span,,,div
120,i,needHygiene,,span
122,div,,currency-box,header
122,span,,,div
122,strong,hudCoins,,div
123,button,multiplayerBadge,multiplayer-badge offline,header
123,i,,,multiplayerBadge
123,span,,,multiplayerBadge
126,section,missionCard,mission-card,game
127,div,,mission-icon,missionCard
128,div,,,missionCard
128,small,missionChapter,,div
128,strong,missionTitle,,div
128,p,missionStep,,div
128,div,,mission-progress,div
128,i,missionFill,,div
131,button,quickToggleBtn,quick-toggle,game
131,span,,,quickToggleBtn
132,nav,quickBar,quick-bar,game
133,button,avatarGameBtn,,quickBar
133,span,,,avatarGameBtn
134,button,inventoryBtn,,quickBar
134,span,,,inventoryBtn
135,button,buildBtn,,quickBar
135,span,,,buildBtn
136,button,toolsBtn,,quickBar
136,span,,,toolsBtn
137,button,mapBtn,,quickBar
137,span,,,mapBtn
138,button,dailyBtn,academy-quick,quickBar
138,span,,,dailyBtn
139,button,onlineBtn,,quickBar
139,span,,,onlineBtn
140,button,learningPathQuickBtn,,quickBar
140,span,,,learningPathQuickBtn
141,button,neighborhoodQuickBtn,,quickBar
141,span,,,neighborhoodQuickBtn
142,button,gameSettingsBtn,,quickBar
142,span,,,gameSettingsBtn
145,button,miniNav,mini-nav,game
146,canvas,miniMapCanvas,,miniNav
147,span,,mini-nav-copy,miniNav
147,b,miniNavName,,span
147,small,miniNavDistance,,span
148,i,miniNavArrow,,miniNav
151,div,cameraControls,camera-controls,game
152,button,cameraNearBtn,,cameraControls
153,button,cameraResetBtn,,cameraControls
154,button,cameraFarBtn,,cameraControls
157,div,contextPrompt,context-prompt,game
157,span,contextIcon,,contextPrompt
157,div,,,contextPrompt
157,b,contextLabel,,div
157,small,contextHint,,div
159,div,joystick,joystick,game
159,div,,joystick-ring,joystick
159,i,joystickKnob,,div
161,button,skillsToggleBtn,skills-toggle,game
161,b,,,skillsToggleBtn
161,span,,,skillsToggleBtn
162,div,,secondary-actions,game
163,button,crouchBtn,skill-btn crouch,div
163,b,,,crouchBtn
163,span,,,crouchBtn
164,button,miniBtn,skill-btn mini,div
164,b,,,miniBtn
164,span,,,miniBtn
165,button,normalBtn,skill-btn normal,div
165,b,,,normalBtn
165,span,,,normalBtn
166,button,giantBtn,skill-btn giant,div
166,b,,,giantBtn
166,span,,,giantBtn
167,button,spinBtn,skill-btn spin,div
167,b,,,spinBtn
167,span,,,spinBtn
170,div,,primary-actions,game
171,button,runBtn,round run,div
171,b,,,runBtn
171,span,,,runBtn
172,button,specialBtn,round special,div
172,b,,,specialBtn
172,span,,,specialBtn
173,button,actionBtn,round action,div
173,b,,,actionBtn
173,span,,,actionBtn
174,button,jumpBtn,round jump,div
174,b,,,jumpBtn
174,span,,,jumpBtn
177,div,raceBadge,race-badge,game
177,b,raceTitle,,raceBadge
177,span,raceStatus,,raceBadge
178,div,buildBadge,build-badge,game
178,b,buildTypeLabel,,buildBadge
179,div,vehicleBadge,vehicle-badge,game
180,div,safetyPanel,safety-panel,game
181,span,,,safetyPanel
181,div,,,safetyPanel
181,b,,,div
181,small,safetyStatus,,div
183,div,toast,toast,game
186,aside,challengePrompt,challenge-prompt,app
187,div,,challenge-prompt-icon,challengePrompt
188,div,,challenge-prompt-copy,challengePrompt
188,small,challengePromptKicker,,div
188,b,challengePromptTitle,,div
188,span,challengePromptText,,div
189,div,,challenge-prompt-actions,challengePrompt
190,button,challengePromptDecline,,div
191,button,challengePromptAccept,accept,div
195,div,modal,modal,app
196,div,,modal-card,modal
197,header,,,div
197,h2,modalTitle,,header
197,button,modalClose,,header
198,div,modalBody,modal-body,div
204,script,,,body
205,script,,,body
206,script,,,body
207,script,,,body
208,script,,,body
209,script,,,body
210,script,,,body
211,script,,,body
212,script,,,body
213,script,,,body
214,script,,,body
215,script,,,body
216,script,,,body
