module,sourceLine,snippet
02-state-save-cloud-account.js,669,"window.addEventListener('otthos:rtdb-ready',ready,{once:true});"
02-state-save-cloud-account.js,746,"submit.onclick=async()=>{error.hidden=true;const pass=password.value;if(creating&&pass!==$('[data-account-confirm]',root).value){showError('As duas senhas precisam ser iguais.');return;}submit.disabled=true;submit.textContent=creating?'Criando conta...':'Recuperando...';try{if(creating)await createGameAccount($('[data-account-display]',root).value,user.value,pass);else await loginGameAccount(user.value,pass);closeModal();toast(creating?'Conta criada e progresso protegido.':'Progresso recuperado com sucesso.','good',2600);if(typeof onReady==='function')onReady();else if(!creating)setTimeout(()=>location.reload(),550);}catch(e){showError(e.message||'Não foi possível concluir.');}};"
02-state-save-cloud-account.js,747,"$('[data-account-back]',root).onclick=()=>openAccountCenter(required,onReady);setTimeout(()=>user.focus(),80);"
02-state-save-cloud-account.js,753,"$('[data-account-create]',root)?.addEventListener('click',()=>openAccountForm('create',required,onReady));$('[data-account-login]',root)?.addEventListener('click',()=>openAccountForm('login',required,onReady));"
02-state-save-cloud-account.js,754,"$('[data-account-sync]',root)?.addEventListener('click',async e=>{e.currentTarget.disabled=true;e.currentTarget.textContent='Sincronizando...';const ok=await syncGameAccount(true);closeModal();toast(ok?'Progresso sincronizado.':'Sem conexão agora; a cópia local foi preservada.',ok?'good':'warn',2400);});"
02-state-save-cloud-account.js,755,"$('[data-account-logout]',root)?.addEventListener('click',()=>openAccountLogoutGate(required,onReady));"
02-state-save-cloud-account.js,756,"$('[data-account-offline]',root)?.addEventListener('click',()=>openPlayerNameModal(true,()=>{state.flags.accountPromptedV635=true;saveState(true);if(typeof onReady==='function')onReady();}));"
02-state-save-cloud-account.js,763,"button.onclick=submit;$('[data-account-logout-back]',root).onclick=()=>openAccountCenter(required,onReady);input.onkeydown=e=>{if(e.key==='Enter'){e.preventDefault();submit();}};setTimeout(()=>input.focus(),80);"
03-ui-modal-install-pwa.js,855,"$('[data-yes]', root).onclick = () => { closeModal(); resolve(true); };"
03-ui-modal-install-pwa.js,856,"$('[data-no]', root).onclick = () => { closeModal(); resolve(false); };"
03-ui-modal-install-pwa.js,860,els.modalClose.onclick = closeModal;
03-ui-modal-install-pwa.js,861,"els.modal.addEventListener('pointerdown', e => { if (e.target === els.modal) closeModal(); });"
03-ui-modal-install-pwa.js,882,"window.addEventListener('beforeinstallprompt', event => {"
03-ui-modal-install-pwa.js,887,"window.addEventListener('appinstalled', () => {"
03-ui-modal-install-pwa.js,908,if (els.installBtn) els.installBtn.onclick = installApp;
03-ui-modal-install-pwa.js,975,"navigator.serviceWorker.addEventListener('controllerchange', () => {"
03-ui-modal-install-pwa.js,987,"registration.addEventListener('updatefound', () => {"
03-ui-modal-install-pwa.js,990,"worker.addEventListener('statechange', () => {"
03-ui-modal-install-pwa.js,1008,"window.addEventListener('load', registerOtthiGameUpdates, { once:true });"
03-ui-modal-install-pwa.js,1010,"window.addEventListener('offline', () => toast('Sem internet. O progresso continua salvo neste aparelho.','warn',3200), { passive:true });"
03-ui-modal-install-pwa.js,1011,"window.addEventListener('online', () => {"
03-ui-modal-install-pwa.js,1015,"window.addEventListener('pageshow', () => probeOtthiGameUpdate(false), { passive:true });"
03-ui-modal-install-pwa.js,1016,"document.addEventListener('visibilitychange', () => {"
03-ui-modal-install-pwa.js,1022,"$('[data-coherence-reload]',root).onclick=()=>reloadForOtthiUpdate(`coherence-${Date.now()}`);"
04-education-daily-quiz.js,1112,"root.onclick=e=>{const tabBtn=e.target.closest('[data-edu-tab]'),playBtn=e.target.closest('[data-edu-play]'),startBtn=e.target.closest('[data-academy-start]'),claimBtn=e.target.closest('[data-daily-claim]'),onlineBtn=e.target.closest('[data-open-online]');if(tabBtn){openEducationHub(tabBtn.dataset.eduTab);return;}if(startBtn){startSoloEducationGame(startBtn.dataset.academyStart,1);return;}if(playBtn){startSoloEducationGame(playBtn.dataset.eduPlay,Number(playBtn.dataset.eduLevel));return;}if(claimBtn){claimDailyQuest(Number(claimBtn.dataset.dailyClaim));return;}if(onlineBtn){openSocialHub();}};"
04-education-daily-quiz.js,1123,"if(q.autoSpeak)setTimeout(()=>speakKidWord(q.speak),180);$('[data-edu-speak]',root)?.addEventListener('click',()=>speakKidWord(q.speak));"
04-education-daily-quiz.js,1125,"$$('[data-edu-answer]',root).forEach(btn=>btn.onclick=()=>resolveAnswer(btn.dataset.eduAnswer,btn));"
04-education-daily-quiz.js,1126,"$$('[data-sequence-token]',root).forEach(btn=>btn.onclick=()=>{if(locked||btn.disabled)return;sequence.push(q.tokens[Number(btn.dataset.sequenceToken)]);btn.disabled=true;$('#sequenceBuilt',root).textContent=sequence.join('');});"
04-education-daily-quiz.js,1127,"$('[data-sequence-clear]',root)?.addEventListener('click',()=>{sequence=[];render();});$('[data-sequence-check]',root)?.addEventListener('click',()=>resolveAnswer(sequence.join(''),$('[data-sequence-check]',root)));"
04-education-daily-quiz.js,1132,"function finishSoloEducationGame(result){const passed=result.score>=3,stars=passed?(result.score===result.total?3:result.score>=4?2:1):0,key=`${result.subject}-${result.level}`,old=subjectLevelRecord(result.subject,result.level);state.learning.lessons[key]={completed:old.completed||passed,stars:Math.max(old.stars||0,stars),best:Math.max(old.best||0,result.score),attempts:(old.attempts||0)+1};state.learning.lastLesson=key;state.learning.subjectXP[result.subject]=(state.learning.subjectXP[result.subject]||0)+result.score*10;if(passed){state.learning.crowns+=(old.completed?0:1);if(result.score===result.total)state.learning.perfectLessons++;const coins=30+stars*18;addCoins(coins);addXP(25+stars*"
05-avatar-life-customization.js,1188,"$$('[data-avatar-type]', root).forEach(btn => btn.onclick = () => {"
05-avatar-life-customization.js,1193,"$('[data-avatar-save]', root).onclick = () => { state.avatar=normalizeAvatarV2(state.avatar);setFlag('customizedAvatar'); saveState(true); closeModal(); toast(`Visual de ${playerDisplayName()} salvo!`, 'good'); };"
05-avatar-life-customization.js,1201,"$('[data-life-avatar]', root).onclick = openAvatarStudio;"
05-avatar-life-customization.js,1202,"$('[data-life-jobs]', root).onclick = openJobCenter;"
05-avatar-life-customization.js,1203,"$('[data-life-adventures]', root).onclick = openAdventureHub;"
05-avatar-life-customization.js,1204,"$('[data-life-transit]', root).onclick = openTransitGuide;"
05-avatar-life-customization.js,1205,"const cancel=$('[data-life-cancel-companions]',root);if(cancel)cancel.onclick=()=>{for(const npc of world.npcs||[]){npc.following=false;npc.pendingRide=false;npc.passengerMode=null;if(npc.group)npc.group.visible=true;}closeModal();toast('Passeio encerrado com segurança.','good');};"
06-missions-profile-hud-inventory-tools.js,1374,"$('[data-open-coop-center]',root)?.addEventListener('click',openCoopMissionCenter);$('[data-leave-coop]',root)?.addEventListener('click',leaveActiveCoopMission);$('[data-objective-continue]',root)?.addEventListener('click',focusActiveJob);$('[data-objective-map]',root)?.addEventListener('click',()=>{focusActiveJob();setTimeout(openMap,0);});$('[data-objective-jobs]',root)?.addEventListener('click',openJobCenter);$('[data-objective-cancel]',root)?.addEventListener('click',cancelActiveJob);$$('[data-pin-chapter]',root).forEach(btn=>btn.onclick=()=>{pinChapter(btn.dataset.pinChapter);openObjectivesPanel();});"
06-missions-profile-hud-inventory-tools.js,1386,"openModal(required?'Escolha seu nome de jogador':'Nome do jogador',`<div class=""player-name-modal""><div class=""player-name-icon"">👤</div><p>${required?'Antes de entrar, escolha o nome que aparecerá para os outros jogadores.':'Este nome aparece sobre seu personagem no multiplayer.'}</p><label class=""field""><span>Nome público</span><input id=""playerNameInput"" maxlength=""18"" autocomplete=""nickname"" inputmode=""text"" value=""${current.replace(/""/g,'&quot;')}"" placeholder=""Ex.: Thiago""></label><small>De 3 a 18 caracteres. Não use telefone, endereço ou informação pessoal sensível.</small><button class=""btn primary xl"" data-save-player-name>Salvar nome</button></div>`,root=>{const input=$('#playerName"
06-missions-profile-hud-inventory-tools.js,1416,"</div><div class=""modal-actions""><button class=""btn primary"" data-open-tools>Ferramentas</button>${inv.cookedFish>0?'<button class=""btn"" data-eat-cooked>Comer peixe assado</button>':''}</div>`,root=>{$('[data-open-tools]',root)?.addEventListener('click',openToolbelt);$('[data-eat-cooked]',root)?.addEventListener('click',()=>{if((state.inventory.cookedFish||0)<1)return;state.inventory.cookedFish--;state.needs.hunger=clamp(state.needs.hunger+32,0,100);state.needs.energy=clamp(state.needs.energy+6,0,100);saveState(true);updateHUD();toast('Peixe assado consumido.','good');openInventory();});});"
06-missions-profile-hud-inventory-tools.js,1431,"openModal('Ferramentas',`<div class=""tool-grid"">${Object.entries(TOOL_DEFS).map(([id,tool])=>`<button class=""tool-card ${state.tools.equipped===id?'active':''}"" data-equip-tool=""${id}""><span>${tool.icon}</span><b>${tool.name}</b><small>${tool.description}</small><em>${state.tools.equipped===id?'Em uso':'Equipar'}</em></button>`).join('')}</div><div class=""resource-summary""><span>🪵 ${state.tools.harvested.wood||0}</span><span>🪨 ${state.tools.harvested.stone||0}</span><span>🟨 ${state.tools.harvested.gold||0}</span><span>💧 ${state.tools.harvested.water||0}</span><span>🪱 ${state.tools.harvested.bait||0}</span><span>🌾 ${state.tools.harvested.crops||0}</span><span>🟫 ${state.tools.harvested.clay||0"
08-map-parent-settings.js,1697,"const bindRoute=()=>{$('[data-route-selected]',selection)?.addEventListener('click',e=>setWaypoint(e.currentTarget.dataset.routeSelected));$$('[data-cluster-location]',selection).forEach(btn=>btn.onclick=()=>selectMapLocation(btn.dataset.clusterLocation));};"
08-map-parent-settings.js,1699,"requestAnimationFrame(fitMapToViewport);setTimeout(fitMapToViewport,100);$$('[data-map-list]',root).forEach(btn=>btn.onclick=()=>selectMapLocation(btn.dataset.mapList));$$('[data-map-marker]',root).forEach(btn=>btn.onclick=()=>selectMapLocation(btn.dataset.mapMarker));$('[data-clear-waypoint]',root)?.addEventListener('click',clearWaypoint);bindRoute();"
08-map-parent-settings.js,1704,"window.addEventListener('resize',refreshOpenMapAfterResize,{passive:true});window.addEventListener('orientationchange',refreshOpenMapAfterResize,{passive:true});"
08-map-parent-settings.js,1712,"$('[data-reset-confirm]',root).onclick=confirm;$('[data-reset-cancel]',root).onclick=()=>openParentTools(inGame);input.onkeydown=e=>{if(e.key==='Enter'){e.preventDefault();confirm();}};setTimeout(()=>input.focus(),80);"
08-map-parent-settings.js,1735,"$('[data-save-guardian]',root)?.addEventListener('click',async e=>{const btn=e.currentTarget;draft.sessionLimitMinutes=Math.max(0,Number(limit?.value||0));draft.multiplayerEnabled=true;draft.communicationEnabled=true;draft.chatEnabled=true;btn.disabled=true;btn.textContent='Salvando...';const saveGuardian=window.OTTHOS_RTDB?.saveGuardianSettings;const result=saveGuardian?await saveGuardian(draft):{ok:false,error:'Firebase ainda não está pronto.'};if(result?.ok===false||result===false){btn.disabled=false;btn.textContent='Salvar limite de tempo';toast(result?.error||'Não foi possível salvar. Confirme a senha novamente.','warn',3000);return;}const saved=result?.settings||result;state.guardian={"
08-map-parent-settings.js,1736,"$$('[data-unblock-player]',root).forEach(btn=>btn.onclick=async()=>{const result=await window.OTTHOS_RTDB?.unblockPlayer?.(btn.dataset.unblockPlayer);if(result?.ok===false||result===false){toast(result?.error||'Não foi possível desbloquear.','warn');return;}toast('Jogador desbloqueado.','good');openParentTools(inGame);});"
08-map-parent-settings.js,1737,"$('[data-parent-new-session]',root)?.addEventListener('click',()=>{state.usage={totalSeconds:0,sessionSeconds:0,sessionStartedAt:0,lastPlayedAt:0,sessionLockedAt:0,...(state.usage||{}),sessionSeconds:0,sessionStartedAt:Date.now(),sessionLockedAt:0};saveState(true);toast('Nova sessão liberada pelo responsável.','good',2400);openParentTools(inGame);});"
08-map-parent-settings.js,1738,"$('[data-parent-export]',root).onclick=()=>window.OTTHOS_DB?.exportFile(state);"
08-map-parent-settings.js,1739,"const fileInput=$('[data-parent-import-file]',root);$('[data-parent-import]',root).onclick=()=>fileInput.click();"
08-map-parent-settings.js,1740,"fileInput.onchange=async()=>{const file=fileInput.files?.[0];if(!file)return;try{const imported=normalizeState(await window.OTTHOS_DB.importFile(file));if(!(await confirmModal('Importar backup','O progresso atual deste aparelho será substituído pelo arquivo escolhido. Continuar?','Importar','Cancelar')))return;state=imported;await window.OTTHOS_DB.save(state);safeLocalSet(STORAGE_KEY,JSON.stringify(state));location.reload();}catch(error){toast(error.message||'Backup inválido.','bad');}};"
08-map-parent-settings.js,1741,"$('[data-parent-reset]',root).onclick=()=>openFinalResetConfirmation(inGame);$('[data-parent-back]',root).onclick=()=>openSettings(inGame);"
08-map-parent-settings.js,1748,"$('[data-parent-unlock]',root).onclick=unlock;$('[data-parent-cancel]',root).onclick=()=>openSettings(inGame);input.onkeydown=e=>{if(e.key==='Enter'){e.preventDefault();unlock();}};setTimeout(()=>input.focus(),80);"
08-map-parent-settings.js,1752,"openModal('Acesso de responsável',`<div class=""parent-gate""><span>🛡️</span><h3>Peça ajuda a um adulto</h3><p>Sem uma conta vinculada, esta verificação libera apenas progresso e backup local. Para controles online protegidos por senha, vincule a conta. Responda:</p><label class=""field""><span>Quanto é ${a} × ${b}?</span><input data-parent-answer inputmode=""numeric"" pattern=""[0-9]*"" maxlength=""3"" autocomplete=""off""></label><p data-parent-gate-error class=""account-error"" hidden>Resposta incorreta.</p><button class=""btn primary xl"" data-parent-unlock>Continuar</button><button class=""btn"" data-parent-cancel>Cancelar</button></div>`,root=>{const input=$('[data-parent-answer]',root),unlock=()=>{if(N"
08-map-parent-settings.js,1774,"$('[data-player-name-settings]',root)?.addEventListener('click',()=>openPlayerNameModal(false,()=>openSettings(inGame)));$('[data-account-settings]',root)?.addEventListener('click',()=>openAccountCenter(false));$('[data-multiplayer-config]',root)?.addEventListener('click',openMultiplayerConfig);"
08-map-parent-settings.js,1775,"$$('[data-toggle]', root).forEach(btn => btn.onclick = () => {"
08-map-parent-settings.js,1781,"$('[data-save-now]',root).onclick=async()=>{ if(running) savePlayerPosition(true); else await commitState(); toast('Progresso salvo no celular.','good'); closeModal(); };"
08-map-parent-settings.js,1782,"const install=$('[data-install]',root);if(install)install.onclick=installApp;"
08-map-parent-settings.js,1783,"const home = $('[data-home]', root); if (home) home.onclick = () => { closeModal(); returnHome(); };"
08-map-parent-settings.js,1784,"const exit = $('[data-exit]', root); if (exit) exit.onclick = () => { closeModal(); stopGame(); };"
08-map-parent-settings.js,1785,"$('[data-parent-area]',root).onclick=()=>openParentGate(inGame);"
08-map-parent-settings.js,1790,els.quizBtn.onclick = () => openEducationHub('math');
08-map-parent-settings.js,1791,els.challengePromptAccept.onclick=()=>{if(promptSocialRequestId)acceptIncomingSocialRequest(promptSocialRequestId);else if(promptChallengeId)acceptIncomingChallenge(promptChallengeId);else if(promptSessionId){const s=gameSessions.get(promptSessionId);if(s)launchSessionWithCountdown(s);}};
08-map-parent-settings.js,1792,els.challengePromptDecline.onclick=()=>{if(promptSocialRequestId)declineIncomingSocialRequest(promptSocialRequestId);else if(promptChallengeId)declineIncomingChallenge(promptChallengeId);else closeChallengePrompt();};
08-map-parent-settings.js,1793,els.collectionBtn.onclick = openCollection;
08-map-parent-settings.js,1794,els.avatarBtn.onclick = openAvatarStudio;
08-map-parent-settings.js,1795,els.accountBtn.onclick = () => openAccountCenter(false);
08-map-parent-settings.js,1796,els.moldsBtn.onclick = openMolds;
08-map-parent-settings.js,1797,els.howBtn.onclick = openHow;
08-map-parent-settings.js,1798,els.settingsBtn.onclick = () => openSettings(false);els.multiplayerBadge.onclick=openSocialHub;els.profileNameBtn.onclick=()=>openPlayerNameModal(false);
08-map-parent-settings.js,1799,els.avatarGameBtn.onclick = openLifePanel;
08-map-parent-settings.js,1800,els.inventoryBtn.onclick = openInventory;
08-map-parent-settings.js,1801,els.toolsBtn.onclick = openToolbelt;
08-map-parent-settings.js,1802,els.mapBtn.onclick = openMap;
08-map-parent-settings.js,1803,els.dailyBtn.onclick = () => openEducationHub('math');
08-map-parent-settings.js,1804,els.onlineBtn.onclick = openSocialHub;
08-map-parent-settings.js,1805,els.gameSettingsBtn.onclick = () => openSettings(true);
09-responsive-ar-quality-diagnostics.js,1815,els.quickToggleBtn.onclick = () => { state.ui.quickOpen = !state.ui.quickOpen;if(state.ui.quickOpen)state.ui.skillsOpen=false;syncMobilePanels();saveState(); };
09-responsive-ar-quality-diagnostics.js,1816,els.skillsToggleBtn.onclick=()=>{state.ui.skillsOpen=!state.ui.skillsOpen;if(state.ui.skillsOpen)state.ui.quickOpen=false;syncMobilePanels();saveState();};
09-responsive-ar-quality-diagnostics.js,1817,"els.needsToggleBtn.onclick = () => { state.ui.needsOpen = !state.ui.needsOpen; els.game.classList.toggle('needs-expanded', state.ui.needsOpen); saveState(); };"
09-responsive-ar-quality-diagnostics.js,1819,els.missionCard.onclick = toggleMission;
09-responsive-ar-quality-diagnostics.js,1821,"[els.avatarGameBtn,els.inventoryBtn,els.buildBtn,els.toolsBtn,els.mapBtn,els.dailyBtn,els.onlineBtn,els.gameSettingsBtn].forEach(btn => btn?.addEventListener('click', () => { state.ui.quickOpen=false; els.quickBar.hidden=true; els.quickToggleBtn.classList.remove('active'); }));"
09-responsive-ar-quality-diagnostics.js,1839,"els.nativeViewer.addEventListener('load', done, {once:true});"
09-responsive-ar-quality-diagnostics.js,1840,"els.nativeViewer.addEventListener('error', fail, {once:true});"
09-responsive-ar-quality-diagnostics.js,1881,"if (els.viewerLoadBtn) els.viewerLoadBtn.onclick = () => ensureModelViewerReady().catch(() => toast('Visualizador 3D indisponível agora.','warn',2400));"
09-responsive-ar-quality-diagnostics.js,1882,"if (els.insideArBtn) els.insideArBtn.addEventListener('click', event => {"
09-responsive-ar-quality-diagnostics.js,1888,els.arBtn.onclick = async () => {
09-responsive-ar-quality-diagnostics.js,2066,"if(technicalPanel)return technicalPanel;const style=document.createElement('style');style.id='otthosTechnicalPanelStyle';style.textContent='.otthos-tech-panel{position:fixed;z-index:100000;right:max(8px,env(safe-area-inset-right));top:max(8px,env(safe-area-inset-top));width:min(330px,calc(100vw - 16px));max-height:calc(100vh - 16px);overflow:auto;padding:12px;border:1px solid rgba(116,220,255,.65);border-radius:14px;background:rgba(4,13,25,.94);color:#eaf8ff;font:700 12px/1.45 ui-monospace,SFMono-Regular,Consolas,monospace;box-shadow:0 16px 45px rgba(0,0,0,.45);backdrop-filter:blur(10px)}.otthos-tech-panel[hidden]{display:none!important}.otthos-tech-panel header{display:flex;align-items:cent"
09-responsive-ar-quality-diagnostics.js,2071,"window.addEventListener('keydown',event=>{if(event.code==='F3'){event.preventDefault();toggleTechnicalPanel();}});"
09-responsive-ar-quality-diagnostics.js,2072,"document.querySelector('.brand-card')?.addEventListener('pointerup',()=>{technicalPanelTapCount++;clearTimeout(technicalPanelTapTimer);technicalPanelTapTimer=setTimeout(()=>technicalPanelTapCount=0,1400);if(technicalPanelTapCount>=5){technicalPanelTapCount=0;toggleTechnicalPanel();}});"
13a-sports-kart-v704.js,56,"setTimeout(()=>{const solo=document.getElementById('footballSoloV704'),online=document.getElementById('footballOnlineV704');if(solo)solo.onclick=()=>startFootballV704('solo');if(online)online.onclick=()=>startFootballV704('online');},0);"
15-transit-bus-metro.js,3154,"openModal(station.name,`<div class=""transit-heading""><b>Ⓜ️ ${station.line}</b><span>Escolha qualquer ponto conhecido do mapa.</span></div><div class=""metro-destination-list"">${groups}</div>`,root=>{$$('[data-metro-destination]',root).forEach(btn=>btn.onclick=()=>{const destination=MAP_LOCATIONS.find(x=>x.id===btn.dataset.metroDestination);if(destination)rideMetroTo(station,destination);});});"
15-transit-bus-metro.js,3212,"$('[data-arrival-board]',root).onclick=()=>{clearBusWaiting(false);closeModal();enterBus(bus);};"
15-transit-bus-metro.js,3213,"$('[data-arrival-wait]',root).onclick=()=>{setBusWaiting(stop.id,world.waitingForBus?.routeId||'');closeModal();toast(`Você continua esperando na parada ${stop.name}.`,'good',1500);};"
15-transit-bus-metro.js,3214,"$('[data-arrival-cancel]',root).onclick=()=>{clearBusWaiting();closeModal();toast('Espera cancelada.','good',1200);};"
15-transit-bus-metro.js,3229,"$('[data-board-ready]',root)?.addEventListener('click',()=>{closeModal();openBusArrivalOffer(ready,stop);});"
15-transit-bus-metro.js,3230,"$$('[data-wait-route]',root).forEach(btn=>btn.onclick=()=>{const route=BUS_ROUTES.find(r=>r.id===btn.dataset.waitRoute);setBusWaiting(stop.id,btn.dataset.waitRoute);closeModal();toast(`Esperando a linha ${route?.number||''} ${route?.name||''}.`,'good',2100);});"
15-transit-bus-metro.js,3231,"$('[data-wait-any]',root).onclick=()=>{setBusWaiting(stop.id,'');closeModal();toast(`Esperando o próximo ônibus em ${stop.name}.`,'good',2100);};"
15-transit-bus-metro.js,3232,"$('[data-keep-wait]',root)?.addEventListener('click',()=>{setBusWaiting(stop.id,waiting?.routeId||'');closeModal();toast('Você continua esperando.','good',1200);});"
15-transit-bus-metro.js,3233,"$('[data-cancel-wait]',root).onclick=()=>{clearBusWaiting();closeModal();toast('Espera cancelada.','good',1200);};"
15-transit-bus-metro.js,3237,"if(transitPanel)return transitPanel;transitPanel=document.createElement('div');transitPanel.id='transitActivityPanel';transitPanel.className='transit-activity-panel';transitPanel.hidden=true;transitPanel.innerHTML='<div><b data-bus-line>Ônibus</b><span data-bus-next>Próxima parada</span></div><button type=""button"" data-bus-request>🔔<span>Pedir parada</span></button>';document.body.appendChild(transitPanel);transitPanel.querySelector('[data-bus-request]').onclick=()=>{if(player.transit.mode!=='bus')return;player.transit.requestStop=true;updateTransitPanel();toast('Parada solicitada.','good',1200);};return transitPanel;"
16-emergency-services.js,3432,"$$('[data-safety-answer]',root).forEach(button=>button.onclick=()=>{const correct=Number(button.dataset.safetyAnswer)===lesson.correct;state.safety.lessons=(state.safety.lessons||0)+1;if(correct){addXP(18);addReputation(3);awardMedal('Direção Segura');}saveState(true);closeModal();toast(correct?'Boa escolha! Segurança vem primeiro.':'Vamos lembrar: reduza, observe e cuide de todos.',correct?'good':'warn',2600);});"
16-emergency-services.js,3493,"openModal('Rede de transporte',`<div class=""transport-summary""><article><b>${state.transport.metroTrips||0}</b><span>viagens de metrô</span></article><article><b>${state.transport.busTrips||0}</b><span>viagens de ônibus</span></article><article><b>${state.transport.busStops.length}</b><span>paradas visitadas</span></article></div><h3>Estações de metrô</h3><div class=""transit-directory"">${METRO_STATIONS.map(s=>`<button data-transit-waypoint=""metro-${s.id}""><b>Ⓜ️ ${s.name}</b><span>${s.line}</span></button>`).join('')}</div><h3>Linhas de ônibus</h3><div class=""transit-directory"">${BUS_ROUTES.map(r=>`<article><b>🚌 ${r.number} • ${r.name}</b><span>${[...new Set(r.points.filter(p=>p.stopName).map"
17-adventures-learning-world.js,3527,"const active=world.activeChallenge,completed=new Set(state.adventures.completed||[]);openModal('Desafios da cidade',`${active?`<div class=""active-adventure""><b>${ADVENTURE_DEFS[active.type]?.icon} Em andamento: ${ADVENTURE_DEFS[active.type]?.name}</b><span>${active.progress.size}/${active.target}</span></div>`:''}<div class=""adventure-grid"">${Object.entries(ADVENTURE_DEFS).map(([id,d])=>`<button class=""adventure-card ${completed.has(id)?'completed':''}"" data-adventure=""${id}"" ${active?'disabled':''}><span>${d.icon}</span><b>${d.name}</b><small>${d.description}</small><em>${completed.has(id)?'✓ Concluído':`${d.reward} moedas • ${d.xp} XP`}</em></button>`).join('')}</div>`,root=>{$$('[data-adv"
18-water-fishing-boats.js,3671,"if(boatPanel)return boatPanel;boatPanel=document.createElement('div');boatPanel.id='boatActivityPanel';boatPanel.className='boat-activity-panel';boatPanel.innerHTML='<button type=""button"" data-boat-fish>🎣<span>Pescar</span></button><button type=""button"" data-boat-exit>🏝️<span>Sair</span></button>';document.body.appendChild(boatPanel);boatPanel.querySelector('[data-boat-fish]').onclick=()=>startFishing('boat');boatPanel.querySelector('[data-boat-exit]').onclick=()=>exitBoat();return boatPanel;"
18-water-fishing-boats.js,3713,"cast.onclick=()=>{if(!fishingSession||fishingSession.token!==token)return;cast.disabled=true;state.inventory.bait--;state.fishing.lastAttempt=Date.now();saveState(true);status.textContent='🎣 Aguarde…';meter.style.animation='fishingWait 2.4s linear forwards';castFishingVisual();const hookDelay=1400+Math.random()*1700;fishingSession.hookTimer=setTimeout(()=>{if(!fishingSession||fishingSession.token!==token||els.modal.hidden){cancelFishingSession();return;}status.textContent='⚡ Fisgou!';pull.hidden=false;hookFishingVisual();beep(880,100,'sine');vibrate([35,35,55]);fishingSession.hookedAt=performance.now();fishingSession.escapeTimer=setTimeout(()=>{if(!fishingSession||fishingSession.token!==toke"
18-water-fishing-boats.js,3714,"pull.onclick=()=>{if(!fishingSession||fishingSession.token!==token)return;clearTimeout(fishingSession.escapeTimer);const reaction=performance.now()-Number(fishingSession.hookedAt||performance.now()),success=reaction<2400&&Math.random()<.88;pull.hidden=true;if(!success){status.textContent='💨 Escapou';pullFishingVisual(false);saveState();fishingSession.finishTimer=setTimeout(()=>{if(fishingSession?.token===token)fishingSession=null;stopFishingVisual();},800);return;}const fish=weightedFish(),size=+(fish.min+Math.random()*(fish.max-fish.min)).toFixed(2),catchId=uid();state.inventory.rawFish=(state.inventory.rawFish||0)+1;state.fishing.catches.push({id:catchId,species:fish.name,size,rarity:fish."
19-campfire-hunting-house-extensions.js,3727,"$('[data-sit]',root).onclick=()=>{player.sitUntil=performance.now()+4500;state.needs.fun=clamp(state.needs.fun+8,0,100);closeModal();toast('Você descansou perto da fogueira.','good');};$('[data-eat]',root).onclick=()=>{if(state.inventory.cookedFish<1)return;state.inventory.cookedFish--;state.needs.hunger=clamp(state.needs.hunger+32,0,100);saveState(true);updateHUD();openCampfire(id);};$('[data-cook]',root).onclick=async()=>{if(!mine||data.cooking||state.inventory.rawFish<1)return;if(!(await confirmModal('Assar peixe','Usar 1 peixe cru nesta fogueira?','Assar','Cancelar')))return;state.inventory.rawFish--;const cookingId=uid();data.cooking={id:cookingId,startedAt:Date.now(),endsAt:Date.now()+"
19-campfire-hunting-house-extensions.js,3730,"function openCampfireZone(){const c=nearestActiveCampfire(8);if(c)openCampfire(c.data.id);else openModal('Acampamento','<p>Esta é uma área segura para montar fogueira. Ela usa madeira real do inventário e apaga automaticamente.</p><div class=""modal-actions""><button class=""btn primary"" data-build-fire>Construir fogueira</button></div>',root=>$('[data-build-fire]',root).onclick=()=>{closeModal();buildCampfire();});}"
19-campfire-hunting-house-extensions.js,3733,"function startHunting(options={}){const cooldown=Math.max(0,20000-(Date.now()-Number(state.hunting.lastAttempt||0)));if(cooldown>0){toast(`A floresta precisa descansar por ${Math.ceil(cooldown/1000)} s.`,'warn');return;}if((()=>{const p=worldLayoutPoint('hunt',{x:-101,z:-78});return Math.hypot(player.x-p.x,player.z-p.z)>28;})()){toast('Siga as pegadas até a área de rastreamento.','warn');return;}state.hunting.lastAttempt=Date.now();state.hunting.tracksFound++;const trail=['Pegadas perto das pedras','Galhos mexidos à esquerda','Folhas amassadas perto da árvore'],correct=Math.floor(Math.random()*3);openModal(options.cooperative?'Rastreamento com amigo':'Rastreamento na floresta',`<div class=""a"
19-campfire-hunting-house-extensions.js,3785,"function openFurniturePlacement(extensionId,type,existingId=''){const record=world.houseExtensions.find(item=>item.data.id===extensionId);if(!record||record.data.remote){toast('Somente o dono pode mobiliar este cômodo.','warn');return;}const existing=(state.roomFurniture||[]).find(item=>item.id===existingId),spec=furnitureSpec(type||existing?.type,record.data.type);if(!spec)return;const first=existing?{...existing}:{id:'',extensionId,type:spec.id,slotIndex:-1,x:0,z:0,rotation:0,createdAt:Date.now()};furnitureDraft=existing?first:nextFurnitureSlot(record,first,1);renderFurniturePreview(record);const refresh=root=>{const valid=renderFurniturePreview(record),status=$('[data-furniture-status]',r"
19-campfire-hunting-house-extensions.js,3787,"function openFurnitureManager(extensionId){const record=world.houseExtensions.find(item=>item.data.id===extensionId);if(!record)return;const spec=ROOM_SPECS[record.data.type]||ROOM_SPECS.storage,owned=!record.data.remote,items=furnitureForExtension(extensionId),catalog=furnitureCatalogForRoom(record.data.type);openModal(`Mobiliar ${spec.name}`,`<div class=""room-furniture-heading""><span>${spec.icon}</span><div><h3>${spec.name}</h3><p>${owned?'Escolha móveis, mova, gire ou remova sem alterar o cômodo.':'Visite o cômodo mobiliado pelo proprietário.'}</p></div></div>${owned?`<h3>Adicionar móvel</h3><div class=""choice-grid furniture-catalog"">${catalog.map(item=>`<button class=""choice"" data-add-fu"
19-campfire-hunting-house-extensions.js,3791,"function openHouseExtensionPlanner(type){const house=nearestOwnedHouseForExtension();if(!house||distance2D(player,house)>16){toast('Chegue perto de uma casa que você possui.','warn');return;}let side=0;const spec=ROOM_SPECS[type];const place=extensionPlacement(house,side);extensionDraft={id:uid(),houseId:house.id,type,side,...place,ownerId:state.profile.playerId,ownerName:playerDisplayName()};renderExtensionPreview();openModal(`Ampliar: ${spec.name}`,`<p>A prévia transparente aparece ao lado da casa. Ajuste o lado e a rotação antes de confirmar.</p><div class=""extension-status"" data-extension-status></div><div class=""modal-actions""><button class=""btn"" data-side>Próximo lado</button><button c"
19-campfire-hunting-house-extensions.js,3792,"function openHouseExtensionMenu(){openModal('Ampliação modular da casa',`<p>Escolha o novo cômodo. Os interiores e móveis existentes serão preservados.</p><div class=""choice-grid"">${Object.entries(ROOM_SPECS).map(([id,r])=>`<button class=""choice"" data-room=""${id}""><b>${r.icon} ${r.name}</b><span>${costText(r.cost)}</span></button>`).join('')}</div>`,root=>{$$('[data-room]',root).forEach(btn=>btn.onclick=()=>{closeModal();openHouseExtensionPlanner(btn.dataset.room);});});}"
20-world-build-cloud-houses.js,3919,"$('[data-buy-house]',root).onclick=async()=>{if(state.profile.coins<house.price){toast('Moedas insuficientes.','warn');return;}const ok=await claimHouseOnline(house);if(!ok)return;addCoins(-house.price);setFlag('boughtHouse');awardMedal('Nova Propriedade');saveState(true);closeModal();handleHouseDoor(house);};"
20-world-build-cloud-houses.js,3920,"$('[data-race-house]',root).onclick=()=>{closeModal();startRace('sprint',world.npcs[0],house.id);};$('[data-cancel]',root).onclick=closeModal;"
20-world-build-cloud-houses.js,3924,"$('[data-enter]',root).onclick=()=>{closeModal();enterHouse(house);};$('[data-lock]',root).onclick=async()=>{const next=!locked,ok=await window.OTTHOS_RTDB?.setHouseLock?.(house.id,next);if(ok){state.houses[house.id]={...(state.houses[house.id]||{}),owned:true,locked:next};saveState(true);closeModal();toast(next?'Casa trancada.':'Casa destrancada.','good');}else toast('Não foi possível alterar a fechadura.','warn');};$('[data-cancel]',root).onclick=closeModal;"
20-world-build-cloud-houses.js,3957,"$$('[data-store]',root).forEach(btn=>btn.onclick=()=>{const key=btn.dataset.store;if((state.inventory[key]||0)<=0){toast('Você não tem esse item.','warn');return;}state.inventory[key]--;state.homeStorage[key]=(state.homeStorage[key]||0)+1;saveState(true);openHomeChest();});"
20-world-build-cloud-houses.js,3958,"$$('[data-take]',root).forEach(btn=>btn.onclick=()=>{const key=btn.dataset.take;if((state.homeStorage[key]||0)<=0){toast('O baú não tem esse item.','warn');return;}state.homeStorage[key]--;state.inventory[key]=(state.inventory[key]||0)+1;saveState(true);openHomeChest();});"
21-interactions-shop-social-races.js,3959,"$('[data-eat]',root).onclick=()=>{if(state.inventory.food<=0){toast('A geladeira está vazia.','warn');return;}state.inventory.food--;state.needs.hunger=clamp(state.needs.hunger+32,0,100);setFlag('ateMeal');addXP(12);saveState();closeModal();toast('Lanche delicioso!','good');};$('[data-close]',root).onclick=closeModal;"
21-interactions-shop-social-races.js,3963,"$('[data-cook]',root).onclick=()=>{if(state.inventory.food<=0){toast('Você precisa comprar ou colher comida.','warn');return;}state.inventory.food--;state.stats.cooked++;trackDaily('cook',1);state.needs.hunger=100;state.needs.fun=clamp(state.needs.fun+8,0,100);setFlag('ateMeal');addXP(20);saveState();closeModal();toast('Refeição pronta!','good');};$('[data-close]',root).onclick=closeModal;"
21-interactions-shop-social-races.js,4002,"$$('[data-buy]',root).forEach(btn=>btn.onclick=()=>{const item=items[Number(btn.dataset.buy)];if(!item||btn.disabled)return;if(state.profile.coins<item.price){toast('Moedas insuficientes.','warn');return;}addCoins(-item.price);if(item.tool){state.tools.owned=[...new Set([...(state.tools.owned||[]),item.tool])];state.tools.equipped=item.tool;refreshEquippedToolVisual();}else state.inventory[item.key]=(state.inventory[item.key]||0)+item.amount;addXP(5);saveState(true);updateHUD();closeModal();toast(`${item.name} adquirido!`,'good');});"
21-interactions-shop-social-races.js,4008,"$('[data-sword]',root).onclick=()=>{if(inv.wood<2||inv.stone<2){toast('Faltam materiais.','warn');return;}inv.wood-=2;inv.stone-=2;state.flags.swordUpgrade=(state.flags.swordUpgrade||0)+1;addXP(35);saveState();closeModal();toast('Ferramenta de aventura melhorada!','good');};"
21-interactions-shop-social-races.js,4009,"$('[data-blocks]',root).onclick=()=>{if(inv.wood<1||inv.stone<1){toast('Faltam materiais.','warn');return;}inv.wood--;inv.stone--;inv.blocks+=3;inv.fences+=2;saveState();closeModal();toast('Kit de construção pronto!','good');};"
21-interactions-shop-social-races.js,4010,"$('[data-smelt]',root).onclick=()=>{if((inv.goldOre||0)<3){toast('Você precisa de 3 minérios de ouro.','warn');return;}inv.goldOre-=3;inv.goldBar=(inv.goldBar||0)+1;addCoins(60);addXP(35);saveState(true);closeModal();toast('Barra de ouro criada: +60 moedas.','good',2200);};"
21-interactions-shop-social-races.js,4041,"$$('[data-social]',root).forEach(btn=>btn.onclick=()=>{"
21-interactions-shop-social-races.js,4072,"$$('[data-house-race]',root).forEach(btn=>btn.onclick=()=>{const id=btn.dataset.houseRace;closeModal();startRace('sprint',npc,id);});"
21-interactions-shop-social-races.js,4078,"$$('[data-race]',root).forEach(btn=>btn.onclick=()=>{closeModal();startRace(btn.dataset.race,npc||world.npcs[0]);});"
22-careers-jobs-uniforms.js,4170,"$('[data-open-coop-jobs]',root)?.addEventListener('click',openCoopMissionCenter);$$('[data-job]',root).forEach(btn=>btn.onclick=()=>{const job=JOBS.find(j=>j.id===btn.dataset.job);startJob(job);});"
22-careers-jobs-uniforms.js,4171,"$('[data-continue-job]',root)?.addEventListener('click',focusActiveJob);"
22-careers-jobs-uniforms.js,4172,"$('[data-job-uniform]',root)?.addEventListener('click',()=>{equipJobUniform(active.id);toast('Uniforme equipado.','good',1200);});"
22-careers-jobs-uniforms.js,4173,"$('[data-cancel-job]',root)?.addEventListener('click',cancelActiveJob);"
22-careers-jobs-uniforms.js,4224,"openModal('Missão de professor',`<div class=""teacher-mission""><span>🧑‍🏫</span><h3>Conduza uma atividade segura</h3><p>${q[0]}</p><div class=""choice-grid"">${q[1].map((answer,i)=>`<button class=""choice"" data-teacher-answer=""${i}""><b>${answer}</b></button>`).join('')}</div></div>`,root=>{$$('[data-teacher-answer]',root).forEach(btn=>btn.onclick=()=>{if(Number(btn.dataset.teacherAnswer)!==q[2]){toast('Vamos pensar de novo com calma.','warn',1400);return;}state.career.activeJob.completed=true;closeModal();completeActiveJob();addXP(55);toast(`Aula concluída na ${house.name}!`,'good',2400);});});"
22-careers-jobs-uniforms.js,4229,"const startBtn=$('[data-fire-job]',root);if(startBtn)startBtn.onclick=()=>{if(state.career.activeJob){toast('Escolha “Trocar de trabalho” no painel de empregos.','warn');return;}startJob(JOBS.find(j=>j.id==='firefighter'));};"
22-careers-jobs-uniforms.js,4230,"const cont=$('[data-fire-continue]',root);if(cont)cont.onclick=()=>{closeModal();focusActiveJob();};"
22-careers-jobs-uniforms.js,4231,"const cancel=$('[data-fire-cancel]',root);if(cancel)cancel.onclick=async()=>{closeModal();await cancelActiveJob();};"
22-careers-jobs-uniforms.js,4232,"$('[data-fire-call]',root).onclick=()=>{const current=ensureActiveFire(false);if(!current){toast('Nenhum chamado ativo agora.','good');return;}state.waypoint={id:`fire-${current.id}`,name:current.name,x:current.x,z:current.z,navX:current.navX,navZ:current.navZ};world.routePath=buildRoutePoints(player,state.waypoint);updateWaypointMarker();closeModal();if(currentHouse)exitHouse();toast(`Chamado marcado: ${current.name}`,'good');};"
22-careers-jobs-uniforms.js,4233,"$('[data-fire-uniform]',root).onclick=()=>{equipJobUniform('firefighter');closeModal();};"
24-construction-system.js,4442,document.body.appendChild(buildPanel);buildPanel.querySelector('[data-build-rotate]').onclick=rotateBuildPreview;buildPanel.querySelector('[data-build-confirm]').onclick=placeBuild;buildPanel.querySelector('[data-build-cancel]').onclick=()=>endBuildMode('cancelled');return buildPanel;
24-construction-system.js,4466,"$$('[data-type]',root).forEach(btn=>btn.onclick=async()=>{const type=btn.dataset.type;if(type==='remove'){closeModal();await removeNearestBuild();return;}if(type==='extension'){openHouseExtensionMenu();return;}closeModal();beginBuildMode(type);});"
24-construction-system.js,4467,"$('[data-cancel]',root).onclick=closeModal;"
24-construction-system.js,4520,els.buildBtn.onclick=openBuildMenu;
32-cooperative-missions.js,5562,"function bindCoopActionButton(button,handler){if(!button||typeof handler!=='function')return;button.addEventListener('click',async()=>{if(button.dataset.coopBusy==='1')return;button.dataset.coopBusy='1';button.disabled=true;try{await handler(button);}finally{if(button.isConnected){delete button.dataset.coopBusy;button.disabled=false;}}});}"
32-cooperative-missions.js,5681,"openModal('Equipe da missão',`<div class=""coop-lobby""><header><span>${template.icon}</span><div><small>${modeLabel}</small><h3>${template.title}</h3><p>${template.description}</p></div></header>${offline?'<p class=""coop-offline-alert"">Conexão perdida. O progresso sincronizado foi preservado; você pode aguardar a reconexão ou continuar uma cópia solo.</p>':''}<section class=""coop-lobby-members""><b>Equipe ${participants.length}/${record.maxPlayers}</b>${participants.map(item=>`<article><span>${item.uid===record.hostUid?'⭐':'👤'}</span><div><b>${item.name||'Jogador'}</b><small>${coopRoleLabel(item.role)}${item.ready?' • pronto':' • aguardando'}</small></div></article>`).join('')}</section>${runn"
32-cooperative-missions.js,5687,"openModal('Missões cooperativas',`${active?`${coopMissionBriefingMarkup()}<div class=""modal-actions""><button class=""btn primary"" data-open-active-coop>Abrir missão</button><button class=""btn"" data-coop-gps>Marcar próximo passo no GPS</button></div>`:''}<section class=""coop-center-intro""><span>🤝</span><div><h3>Objetivos para jogar junto</h3><p>Papéis definidos, progresso sincronizado, entrada voluntária e alternativa solo quando faltarem parceiros.</p></div></section><h3 class=""panel-subtitle"">Equipes aguardando neste bairro</h3><div class=""coop-open-lobbies"">${lobbyMarkup}</div><h3 class=""panel-subtitle"">Criar uma missão</h3><div class=""coop-template-grid"">${templates}</div>`,root=>{$$('[dat"
32-cooperative-missions.js,5699,"addEventListener('otthi:coop-missions',event=>{coopRemoteMissions={...(event.detail?.missions||{})};const active=activeCoopMission();if(active?.remote&&coopRemoteMissions[active.id]){active.record=coopRemoteMissions[active.id];if(active.record.status==='active'&&!active.runtimePrepared){active.runtimePrepared=true;prepareCoopMissionRuntime();}if(active.record.status==='completed')completeCoopMissionLocal(active.record);updateMissionHUD();}else if(!active){const waiting=Object.values(coopRemoteMissions).filter(m=>m.status==='lobby').length;if(waiting&&Date.now()-Number(state.cooperative.lastLobbyNotice||0)>30000){state.cooperative.lastLobbyNotice=Date.now();toast(`${waiting} equipe(s) coopera"
25-render-init-resize-position-collision.js,4498,"renderer=new THREE.WebGLRenderer({antialias:qualityTier()==='high'&&!perf.mobile,alpha:false,powerPreference:'high-performance',precision:'highp',depth:true,stencil:false});renderer.setPixelRatio(Math.min(devicePixelRatio||1,targetDpr()));renderer.setSize(initialViewport.w,initialViewport.h,false);renderer.shadowMap.enabled=qualityTier()==='high'&&!perf.mobile;renderer.shadowMap.type=THREE.PCFSoftShadowMap;renderer.outputEncoding=THREE.sRGBEncoding;renderer.toneMapping=THREE.ACESFilmicToneMapping;renderer.toneMappingExposure=.94;els.stage.innerHTML='';els.stage.appendChild(renderer.domElement);renderer.domElement.addEventListener('webglcontextlost',e=>{e.preventDefault();paused=true;toast('A"
25-render-init-resize-position-collision.js,4540,"window.addEventListener('resize',()=>scheduleStableResize(50,true),{passive:true});window.addEventListener('orientationchange',refreshOrientationLayout,{passive:true});window.addEventListener('pageshow',refreshOrientationLayout,{passive:true});window.addEventListener('focus',()=>scheduleStableResize(30,true),{passive:true});document.addEventListener('fullscreenchange',refreshOrientationLayout,{passive:true});if(window.visualViewport){window.visualViewport.addEventListener('resize',()=>scheduleStableResize(50,true),{passive:true});window.visualViewport.addEventListener('scroll',()=>scheduleStableResize(80,false),{passive:true});}screen.orientation?.addEventListener?.('change',refreshOrientati"
25-render-init-resize-position-collision.js,4564,"window.addEventListener('pagehide',()=>{if(running)savePlayerPosition(true);else commitState();});"
25-render-init-resize-position-collision.js,4565,"window.addEventListener('beforeunload',()=>{if(running)savePlayerPosition(true);else commitState();});"
25-render-init-resize-position-collision.js,4566,"document.addEventListener('visibilitychange',()=>{if(document.visibilityState==='hidden'){if(running)savePlayerPosition(true);else commitState();}});"
28-multiplayer-social-online.js,4991,"function bindChallengeCards(root=els.modalBody){$$('[data-accept-challenge]',root).forEach(btn=>btn.onclick=()=>acceptIncomingChallenge(btn.dataset.acceptChallenge));$$('[data-decline-challenge]',root).forEach(btn=>btn.onclick=()=>declineIncomingChallenge(btn.dataset.declineChallenge));$$('[data-accept-social]',root).forEach(btn=>btn.onclick=()=>acceptIncomingSocialRequest(btn.dataset.acceptSocial));$$('[data-decline-social]',root).forEach(btn=>btn.onclick=()=>declineIncomingSocialRequest(btn.dataset.declineSocial));$$('[data-play-session]',root).forEach(btn=>btn.onclick=()=>{const s=gameSessions.get(btn.dataset.playSession);if(s)launchSessionWithCountdown(s);});}"
28-multiplayer-social-online.js,4995,"function openChallengePicker(uid,name){openModal(`Desafiar ${name}`,`<p>Escolha o jogo. O outro jogador receberá um cartão na tela com <b>Aceitar e jogar</b>.</p><div class=""challenge-picker""><button data-challenge-type=""math""><span>🔢</span><b>Matemática Kids</b><small>Contagem, soma e lógica</small></button><button data-challenge-type=""portuguese""><span>📚</span><b>Português Kids</b><small>Letras, sílabas e palavras</small></button><button data-challenge-type=""english""><span>🌎</span><b>English Kids</b><small>Imagens, sons e palavras</small></button></div>`,root=>{$$('[data-challenge-type]',root).forEach(btn=>btn.onclick=async()=>{btn.disabled=true;btn.classList.add('sending');const result=aw"
28-multiplayer-social-online.js,4997,"function startMultiplayerEducationGame(session){if(!session||session.status!=='active'){toast('Esta partida ainda não está pronta.','warn');return;}if(activeMultiplayerGameId&&activeMultiplayerGameId!==session.id){toast('Termine a partida atual.','warn');return;}activeMultiplayerGameId=session.id;closeChallengePrompt();runEducationGame({subject:session.type,level:Number(session.level||1),seed:Number(session.seed)||Date.now(),rounds:Number(session.rounds||5),multiplayer:true,opponent:sessionOpponentName(session),onFinish:async result=>{state.learning.multiplayerPlayed=(state.learning.multiplayerPlayed||0)+1;const ok=await window.OTTHOS_RTDB?.submitGameResult?.(session.id,result);saveState(tru"
28-multiplayer-social-online.js,4998,"function maybeShowMultiplayerResult(session){const players=Object.values(session.players||{}),uid=window.OTTHOS_RTDB?.uid;if(players.length<2||!players.every(p=>p.finished))return;if(!session.result){window.OTTHOS_RTDB?.finalizeGameSession?.(session.id);return;}const mine=session.players?.[uid],other=Object.entries(session.players||{}).find(([id])=>id!==uid)?.[1],entry=rememberMatchResult(session),won=!session.result.draw&&session.result.winnerUid===uid,draw=!!session.result.draw;if(entry&&!entry.rewarded&&won){entry.rewarded=true;state.learning.multiplayerWins=(state.learning.multiplayerWins||0)+1;addCoins(80);addXP(60);}saveState(true);if(shownGameResults.has(session.id))return;shownGameRe"
28-multiplayer-social-online.js,5004,"function bindOnlinePlayerCards(root=els.modalBody){$$('[data-online-player]',root).forEach(btn=>btn.onclick=()=>{const uid=btn.dataset.onlinePlayer,ghost=world.ghosts.get(uid);if(ghost)openRemotePlayerActions(uid,ghost);});}"
28-multiplayer-social-online.js,5014,"$$('[data-approved-chat]',root).forEach(btn=>btn.onclick=async()=>{btn.disabled=true;const result=await window.OTTHOS_RTDB?.sendChat?.(btn.dataset.approvedChat);btn.disabled=false;if(result===false||result?.ok===false)toast(result?.error||'A frase não pôde ser enviada.','warn');});"
28-multiplayer-social-online.js,5015,"$('[data-clear-local-chat]',root).onclick=()=>{state.social.chatHiddenBefore=Date.now();cloudChat.length=0;saveState(true);refreshOpenSocialHub();toast('Histórico ocultado neste aparelho.','good');};"
28-multiplayer-social-online.js,5023,"$$('[data-report-reason]',root).forEach(btn=>btn.onclick=async()=>{btn.disabled=true;const result=await window.OTTHOS_RTDB?.reportPlayer?.(uid,btn.dataset.reportReason);if(result?.ok===false||result===false){btn.disabled=false;toast(result?.error||'Não foi possível enviar a denúncia.','warn');return;}closeModal();toast('Denúncia registrada. Um responsável pode também bloquear esse jogador.','good',3000);});"
28-multiplayer-social-online.js,5024,"$('[data-report-cancel]',root).onclick=closeModal;"
28-multiplayer-social-online.js,5031,"openModal(name,`<p>Interaja com este jogador em tempo real. Ações conjuntas só começam depois que ele aceitar.</p><div class=""choice-grid remote-social-grid""><button class=""choice"" data-player-action=""wave""><b>👋 Acenar</b><span>Saudação imediata</span></button><button class=""choice"" data-player-action=""dance""><b>🕺 Dançar juntos</b><span>Requer aceite</span></button><button class=""choice"" data-player-action=""play""><b>🎈 Brincar</b><span>Requer aceite</span></button><button class=""choice"" data-player-action=""highfive""><b>🙌 Toca aqui</b><span>Requer aceite</span></button><button class=""choice"" data-player-action=""hug""><b>🤗 Abraçar</b><span>Requer aceite</span></button><button class=""choice"" data"
28-multiplayer-social-online.js,5064,"window.addEventListener('otthos:mp-status',e=>{multiplayerState={...multiplayerState,...e.detail};state.multiplayer.cloudReady=!!multiplayerState.connected;if(e.detail?.uid)state.multiplayer.cloudUid=e.detail.uid;if(e.detail?.room)state.multiplayer.room=normalizeRoomId(e.detail.room);if(Array.isArray(e.detail?.players)){remotePresence.clear();e.detail.players.filter(p=>p.uid!==window.OTTHOS_RTDB?.uid&&!window.OTTHOS_RTDB?.isPlayerBlocked?.(p.uid)).forEach(p=>remotePresence.set(p.uid,{...p,name:remotePlayerName(p.name,p.uid)}));}updateMultiplayerBadge();refreshOpenSocialHub();});"
28-multiplayer-social-online.js,5065,"window.addEventListener('otthi:guardian-settings',e=>{state.guardian={...state.guardian,...(e.detail||{})};if(!guardianCommunicationAllowed())closeChallengePrompt();if(!guardianMultiplayerAllowed()){for(const ghost of world.ghosts.values())scene?.remove(ghost);world.ghosts.clear();remotePresence.clear();}saveState();updateOnlineAttention();updateMultiplayerBadge();refreshOpenSocialHub();});"
28-multiplayer-social-online.js,5066,"window.addEventListener('otthos:mp-player',e=>remotePlayerEvent(e.detail));"
28-multiplayer-social-online.js,5067,"window.addEventListener('otthos:mp-leave',e=>{const id=e.detail?.uid;remotePresence.delete(id);if(player.boat.passengerUid===id)player.boat.passengerUid='';if(player.car.passengerUid===id)player.car.passengerUid='';const ghost=world.ghosts.get(id);if(ghost){scene?.remove(ghost);world.ghosts.delete(id);}multiplayerState.count=Math.max(1,remotePresence.size+1);updateMultiplayerBadge();refreshOpenSocialHub();});"
28-multiplayer-social-online.js,5068,"window.addEventListener('otthos:cloud-profile',e=>mergeCloudProgress(e.detail?.progress));"
28-multiplayer-social-online.js,5069,"window.addEventListener('otthos:campfires-cloud',e=>{pendingCloudCampfires=e.detail||{};applyCloudWorldObjects();});"
28-multiplayer-social-online.js,5070,"window.addEventListener('otthos:extensions-cloud',e=>{pendingCloudExtensions=e.detail||{};applyCloudWorldObjects();});"
28-multiplayer-social-online.js,5071,"window.addEventListener('otthos:houses',e=>{cloudHouses.clear();for(const [id,data] of Object.entries(e.detail||{}))cloudHouses.set(id,data);reconcileCloudHouses();});"
28-multiplayer-social-online.js,5072,"window.addEventListener('otthos:chat',e=>{const incoming=e.detail;if(!guardianCommunicationAllowed()||!incoming||window.OTTHOS_RTDB?.isPlayerBlocked?.(incoming.senderUid)||Number(incoming.createdAt||0)<=Number(state.social.chatHiddenBefore||0))return;const m={...incoming,name:remotePlayerName(incoming.name,incoming.senderUid)};const existing=cloudChat.findIndex(x=>x.id===m.id);if(existing>=0)cloudChat[existing]=m;else cloudChat.push(m);cloudChat.sort((a,b)=>Number(a.createdAt||0)-Number(b.createdAt||0));while(cloudChat.length>60)cloudChat.shift();refreshOpenSocialHub();if(m.senderUid!==window.OTTHOS_RTDB?.uid)toast(`${m.name}: ${m.text}`,'good',2200);});"
28-multiplayer-social-online.js,5073,"window.addEventListener('otthos:chat-removed',e=>{const id=e.detail?.id,index=cloudChat.findIndex(m=>m.id===id);if(index>=0)cloudChat.splice(index,1);refreshOpenSocialHub();});"
28-multiplayer-social-online.js,5074,"window.addEventListener('otthos:gift',e=>{const gift=e.detail;if(!guardianCommunicationAllowed()||!gift)return;if(!((gift.type==='coins'&&Number(gift.amount)===10)||(gift.type==='crystal'&&Number(gift.amount)===1)))return;toast('🎁 Você recebeu um presente simbólico!','good',2600);});"
28-multiplayer-social-online.js,5075,"window.addEventListener('otthos:interaction',e=>{const it=e.detail;if(!guardianCommunicationAllowed()||!it)return;const sender='Outro jogador';"
28-multiplayer-social-online.js,5086,"window.addEventListener('otthos:social-request',e=>{const incoming=e.detail;if(!guardianCommunicationAllowed()||!incoming)return;const r={...incoming,fromName:remotePlayerName(incoming.fromName,incoming.fromUid),toName:remotePlayerName(incoming.toName,incoming.toUid)};incomingSocialRequests.set(r.id,r);updateOnlineAttention();refreshOpenSocialHub();if(r.status==='pending'&&Number(r.expiresAt||0)>Date.now()){showIncomingSocialRequest(r);if(!shownSocialToasts.has(r.id)){shownSocialToasts.add(r.id);toast(`🤝 ${r.fromName} quer ${socialActionLabel(r.actionType)}.`,'good',3000);}}else if(promptSocialRequestId===r.id)closeChallengePrompt();});"
28-multiplayer-social-online.js,5087,"window.addEventListener('otthos:social-request-removed',e=>{incomingSocialRequests.delete(e.detail?.id);if(promptSocialRequestId===e.detail?.id)closeChallengePrompt();updateOnlineAttention();refreshOpenSocialHub();});"
28-multiplayer-social-online.js,5089,"window.addEventListener('otthos:challenge',e=>{const incoming=e.detail;if(!guardianCommunicationAllowed()||!incoming)return;const c={...incoming,fromName:remotePlayerName(incoming.fromName,incoming.fromUid),toName:remotePlayerName(incoming.toName,incoming.toUid)};incomingChallenges.set(c.id,c);updateOnlineAttention();refreshOpenSocialHub();if(c.status==='pending'){showIncomingChallengePrompt(c);if(!shownChallengeToasts.has(c.id)){shownChallengeToasts.add(c.id);toast(`⚔️ ${c.fromName} enviou ${multiplayerGameLabel(c.type)}!`,'good',3400);}}});"
28-multiplayer-social-online.js,5090,"window.addEventListener('otthos:challenge-removed',e=>{incomingChallenges.delete(e.detail?.id);updateOnlineAttention();refreshOpenSocialHub();});"
28-multiplayer-social-online.js,5091,"window.addEventListener('otthos:game-session',e=>{const incoming=e.detail;if(!guardianCommunicationAllowed()||!incoming)return;const s=sanitizeRemoteSession(incoming);gameSessions.set(s.id,s);updateOnlineAttention();refreshOpenSocialHub();if(s.status==='active'){const mine=s.players?.[window.OTTHOS_RTDB?.uid];if(!mine?.finished&&!activeMultiplayerGameId)showReadySessionPrompt(s);}if(s.status==='active'||s.status==='completed')maybeShowMultiplayerResult(s);});"
28-multiplayer-social-online.js,5092,"window.addEventListener('otthos:game-session-removed',e=>{gameSessions.delete(e.detail?.id);updateOnlineAttention();refreshOpenSocialHub();});"
28-multiplayer-social-online.js,5093,"window.addEventListener('otthos:rtdb-ready',async()=>{try{const guardian=await window.OTTHOS_RTDB?.getGuardianSettings?.();if(guardian&&typeof guardian==='object')state.guardian={...state.guardian,...(guardian.settings||guardian)};}catch{}if(!guardianMultiplayerAllowed()){window.OTTHOS_RTDB?.disconnect?.();return;}if(running||hasValidPlayerName()){const ok=await window.OTTHOS_RTDB?.connect?.({name:publicPlayerName()});if(ok){window.OTTHOS_RTDB?.syncCampfires?.(state.campfires);window.OTTHOS_RTDB?.syncHouseExtensions?.(state.houseExtensions);}}});"
28-multiplayer-social-online.js,5096,"if(typeof BroadcastChannel==='function'){localChannel=new BroadcastChannel('otthos-life-world-v636');localChannel.onmessage=e=>{const data=e.data;if(!data||data.id===state.profile.playerId)return;if(data.type==='leave'){const ghost=world.ghosts.get(data.id);if(ghost){scene.remove(ghost);world.ghosts.delete(data.id);}return;}remotePlayerEvent({...data,uid:data.id});};window.addEventListener('beforeunload',()=>localChannel?.postMessage({type:'leave',id:state.profile.playerId}));}"
29-game-loop-controls-gamepad.js,5137,"$('[data-session-close]',root).onclick=closeModal;"
29-game-loop-controls-gamepad.js,5141,"document.addEventListener('visibilitychange',()=>{usageLastTickAt=Date.now();},{passive:true});"
29-game-loop-controls-gamepad.js,5152,"$('[data-retry-world]',root).onclick=async()=>{await persistBeforeOtthiReload();location.reload();};"
29-game-loop-controls-gamepad.js,5153,"$('[data-close-world-error]',root).onclick=closeModal;"
29-game-loop-controls-gamepad.js,5190,"els.joystick.addEventListener('pointerdown',e=>{e.preventDefault();input.joyId=e.pointerId;safePointerCapture(els.joystick,e.pointerId);updateJoy(e);});"
29-game-loop-controls-gamepad.js,5191,"els.joystick.addEventListener('pointermove',e=>{if(e.pointerId===input.joyId)updateJoy(e);});"
29-game-loop-controls-gamepad.js,5192,"els.joystick.addEventListener('pointerup',resetJoy);els.joystick.addEventListener('pointercancel',resetJoy);"
29-game-loop-controls-gamepad.js,5194,"const press=(el,fn)=>el?.addEventListener('pointerdown',e=>{e.preventDefault();e.stopPropagation();fn();},{passive:false});"
29-game-loop-controls-gamepad.js,5199,"els.runBtn?.addEventListener('pointerdown',e=>{e.preventDefault();e.stopPropagation();setAccelerate(true);safePointerCapture(els.runBtn,e.pointerId);},{passive:false});"
29-game-loop-controls-gamepad.js,5200,"['pointerup','pointercancel','lostpointercapture'].forEach(type=>els.runBtn?.addEventListener(type,()=>setAccelerate(false)));"
29-game-loop-controls-gamepad.js,5201,"els.jumpBtn?.addEventListener('pointerdown',e=>{e.preventDefault();e.stopPropagation();setBrake(true);safePointerCapture(els.jumpBtn,e.pointerId);},{passive:false});"
29-game-loop-controls-gamepad.js,5202,"['pointerup','pointercancel','lostpointercapture'].forEach(type=>els.jumpBtn?.addEventListener(type,()=>setBrake(false)));"
29-game-loop-controls-gamepad.js,5205,"els.miniNav?.addEventListener('click',openMap);press(els.specialBtn,firePower);press(els.crouchBtn,()=>toggleCrouch());press(els.miniBtn,()=>setScaleMode('mini'));press(els.normalBtn,()=>setScaleMode('normal'));press(els.giantBtn,()=>setScaleMode('giant'));press(els.spinBtn,spinPlayer);"
29-game-loop-controls-gamepad.js,5206,"[els.quickBar,els.inventoryBtn,els.buildBtn,els.mapBtn,els.gameSettingsBtn].forEach(el=>el?.addEventListener('pointerdown',e=>e.stopPropagation()));"
29-game-loop-controls-gamepad.js,5207,"window.addEventListener('keydown',e=>{input.keys.add(e.code);if(['Space','KeyE','KeyF','KeyC','Digit1','Digit2','Digit3','KeyR','KeyQ','ShiftLeft','ShiftRight'].includes(e.code))e.preventDefault();if(mobilityDriverActive()&&e.code==='ShiftLeft'){input.mobilityAccelerate=true;input.mobilityBrake=false;}if(mobilityDriverActive()&&e.code==='Space'){input.mobilityBrake=true;input.mobilityAccelerate=false;}updateRunUI();updateMobilityControlLabels();if(e.code==='Space'&&!mobilityDriverActive())requestJump();if(e.code==='KeyE')doAction();if(e.code==='KeyF')firePower();if(e.code==='KeyC')toggleCrouch();if(e.code==='Digit1')setScaleMode('mini');if(e.code==='Digit2')setScaleMode('normal');if(e.code=="
29-game-loop-controls-gamepad.js,5208,"els.stage.addEventListener('pointerdown',e=>{if(e.target!==renderer?.domElement)return;input.cameraDrag={id:e.pointerId,x:e.clientX,y:e.clientY};safePointerCapture(els.stage,e.pointerId);});"
29-game-loop-controls-gamepad.js,5209,"els.stage.addEventListener('pointermove',e=>{const d=input.cameraDrag;if(!d||d.id!==e.pointerId)return;const dx=e.clientX-d.x,dy=e.clientY-d.y;cameraYaw-=dx*.006;cameraPitch=clamp(cameraPitch+dy*.0042,-.55,1.35);state.settings.cameraPitch=+cameraPitch.toFixed(3);d.x=e.clientX;d.y=e.clientY;});"
29-game-loop-controls-gamepad.js,5210,"const endDrag=e=>{if(input.cameraDrag?.id===e.pointerId)input.cameraDrag=null;};els.stage.addEventListener('pointerup',endDrag);els.stage.addEventListener('pointercancel',endDrag);"
29-game-loop-controls-gamepad.js,5211,"els.stage.addEventListener('wheel',e=>{if(!running||!els.modal.hidden)return;e.preventDefault();cameraZoom=clamp(cameraZoom+Math.sign(e.deltaY)*.9,-4.5,9);state.settings.cameraZoom=+cameraZoom.toFixed(2);},{passive:false});"
29-game-loop-controls-gamepad.js,5229,"if(sessionLimitSeconds>0&&(Number(state.usage.sessionLockedAt||0)>0||Number(state.usage.sessionSeconds||0)>=sessionLimitSeconds)){state.usage.sessionLockedAt=Number(state.usage.sessionLockedAt||Date.now());saveState(true);openModal('Tempo de jogo concluído','<div class=""parent-gate""><span>⏰</span><h3>Nova sessão exige um responsável</h3><p>O limite continua bloqueado mesmo ao voltar ao menu. Um responsável pode liberar outra sessão usando a senha da conta.</p><button class=""btn primary xl"" data-session-parent>Área dos responsáveis</button><button class=""btn"" data-session-back>Ficar no menu</button></div>',root=>{$('[data-session-parent]',root).onclick=()=>openParentGate(false);$('[data-sessi"
30-pause-tests-public-api-bootstrap.js,5244,els.playBtn.onclick=()=>startGame(true);els.continueBtn.onclick=()=>startGame(false);
30-pause-tests-public-api-bootstrap.js,5250,"$('[data-resume]',root).onclick=()=>closeModal();"
30-pause-tests-public-api-bootstrap.js,5251,"$('[data-life]',root).onclick=()=>{pauseMenuOpen=false;paused=false;closeModal();if(player.vehicle)startEngineSound();openLifePanel();};"
30-pause-tests-public-api-bootstrap.js,5252,"$('[data-safe]',root).onclick=()=>{pauseMenuOpen=false;paused=false;closeModal();recoverPlayerToLastSafe('retorno manual',true);};"
30-pause-tests-public-api-bootstrap.js,5253,"$('[data-home]',root).onclick=()=>{pauseMenuOpen=false;paused=false;closeModal();returnHome();};"
30-pause-tests-public-api-bootstrap.js,5254,"$('[data-menu]',root).onclick=()=>{pauseMenuOpen=false;paused=false;closeModal();stopGame();};"
30-pause-tests-public-api-bootstrap.js,5257,"els.gameSettingsBtn.addEventListener('contextmenu',e=>e.preventDefault());"
31-neighborhood-world-controller.js,5446,"window.addEventListener('otthi:room-changing',()=>{clearRemoteRoomEntities();resetMobilityForRoomChange();});"
31-neighborhood-world-controller.js,5447,"window.addEventListener('otthi:room-changed',event=>{if(event.detail?.connected===false)return;applyRoomWorld(event.detail?.room,{toast:event.detail?.previousRoom!==event.detail?.room,teleport:true});});"
31-neighborhood-world-controller.js,5448,"window.addEventListener('otthos:mp-status',event=>{const room=event.detail?.room;if(event.detail?.connected&&room&&!appliedRoomId&&running)applyRoomWorld(room,{toast:false,teleport:state.multiplayer.room!==room});});"
31-neighborhood-world-controller.js,5449,"window.addEventListener('otthos:houses',()=>{if(!els.modal.hidden&&els.modal.classList.contains('map-modal'))refreshOpenMapAfterResize();updateNavigation(0,true);});"
34-avatar-studio-professional-v3.js,5900,"$$('[data-world-avatar-field]',root).forEach(button=>button.onclick=()=>{const field=button.dataset.worldAvatarField,value=button.dataset.worldAvatarValue;state.avatar={...state.avatar,[field]:worldAvatarSafeChoice(field,value),renderMode:'otthi-world-v3'};$$(`[data-world-avatar-field=""${field}""]`,root).forEach(item=>item.classList.toggle('selected',item===button));applyAvatarCustomization();});"
34-avatar-studio-professional-v3.js,5901,"$$('[data-world-avatar-color]',root).forEach(input=>input.oninput=()=>{state.avatar={...state.avatar,[input.dataset.worldAvatarColor]:safeAvatarColor(input.value,state.avatar[input.dataset.worldAvatarColor])};applyAvatarCustomization();});"
34-avatar-studio-professional-v3.js,5902,"$$('[data-avatar-type]',root).forEach(button=>button.onclick=()=>{state.avatar=updateAvatarV2LegacyChoice(state.avatar,button.dataset.avatarType,button.dataset.avatarId);$$(`[data-avatar-type=""${button.dataset.avatarType}""]`,root).forEach(item=>item.classList.toggle('selected',item===button));applyAvatarCustomization();});"
34-avatar-studio-professional-v3.js,5903,"$('[data-world-avatar-save]',root).onclick=()=>{state.avatar=normalizeAvatarV2({...state.avatar,renderMode:'otthi-world-v3'});setFlag('customizedAvatar');setFlag('otthiWorldAvatarV3');saveState(true);closeModal();toast('Personagem salvo no seu perfil.','good',2000);};"
34-avatar-studio-professional-v3.js,5904,"$('[data-world-avatar-legacy]',root)?.addEventListener('click',legacyOpenAvatarStudio);"
36-modular-build-machines.js,6069,"$('[data-world-vehicle-select]',root).onchange=event=>openWorldModularGarage(event.currentTarget.value);"
36-modular-build-machines.js,6070,"$$('[data-world-vehicle-field]',root).forEach(button=>button.onclick=()=>{const target=worldVehicleParts(id),field=button.dataset.worldVehicleField,value=button.dataset.worldVehicleValue;target[field]=value;state.vehicles.modularParts[id]=target;$$(`[data-world-vehicle-field=""${field}""]`,root).forEach(item=>item.classList.toggle('selected',item===button));if(vehicle?.group)applyWorldVehicleModulesToGroup(vehicle.group,id);if(player.vehicle&&player.car.id===id)applyWorldVehicleModulesToGroup(vehicleVisual,id);});"
36-modular-build-machines.js,6071,"$$('[data-world-vehicle-color]',root).forEach(input=>input.oninput=()=>{const target=worldVehicleParts(id);target[input.dataset.worldVehicleColor]=safeAvatarColor(input.value,target[input.dataset.worldVehicleColor]);state.vehicles.modularParts[id]=target;if(vehicle?.group)applyWorldVehicleModulesToGroup(vehicle.group,id);if(player.vehicle&&player.car.id===id)applyWorldVehicleModulesToGroup(vehicleVisual,id);});"
36-modular-build-machines.js,6072,"$('[data-world-vehicle-save]',root).onclick=()=>{saveState(true).finally(()=>syncCloudProgress(true));closeModal();toast('Montagem do veículo salva no mesmo progresso.','good',2200);};"
36-modular-build-machines.js,6073,"$('[data-world-vehicle-repair]',root).onclick=()=>{if(typeof repairVehicleV704==='function'){if(repairVehicleV704(vehicle||id))openWorldModularGarage(id);return;}state.vehicles.partDurability[id]=100;if(vehicle?.group)applyWorldVehicleModulesToGroup(vehicle.group,id);if(player.vehicle&&player.car.id===id)applyWorldVehicleModulesToGroup(vehicleVisual,id);saveState(true);openWorldModularGarage(id);toast('Peças reparadas.','good',1600);};"
36a-vehicle-damage-repair-v704.js,32,"function openBrokenVehicleOptionsV704(vehicle){const d=vehicleDurabilityV704(vehicle);openModal('Veículo quebrado',`<p><b>${escapeHtml(vehicle?.label||'Veículo')}</b> está com ${d}% de integridade e não pode continuar.</p><div class=""modal-actions""><button class=""btn primary"" data-v704-tow>🚚 Rebocar para oficina • 20 moedas</button><button class=""btn good"" data-v704-repair>🛠 Reparar agora</button></div>`,root=>{$('[data-v704-tow]',root).onclick=()=>{if(towVehicleToWorkshopV704(vehicle))closeModal();};$('[data-v704-repair]',root).onclick=()=>{if(repairVehicleV704(vehicle)){closeModal();}};});}"
37-hero-platform-gameplay.js,6091,"$$('[data-world-hero-power]',root).forEach(button=>button.onclick=()=>{hero.selectedPower=button.dataset.worldHeroPower;saveState();openWorldHeroCenter();updateWorldHeroHud();});"
37-hero-platform-gameplay.js,6092,"$('[data-world-hero-use]',root).onclick=()=>{closeModal();activateWorldHeroPower();};"
37-hero-platform-gameplay.js,6093,"$('[data-world-hero-challenge]',root).onclick=()=>{closeModal();startWorldHeroChallenge();};"
37-hero-platform-gameplay.js,6119,"if(document.getElementById('worldHeroBtn'))return;const button=document.createElement('button');button.id='worldHeroBtn';button.className='world-hero-action';button.type='button';button.setAttribute('aria-label','Usar poder OTTHI');button.innerHTML='<b data-world-hero-icon>⚡</b><span data-world-hero-energy>100</span>';button.onclick=()=>activateWorldHeroPower();document.getElementById('game')?.appendChild(button);"
38-otthi-world-integration-bootstrap.js,6134,ensureOtthiWorldState();injectOtthiWorldButtons();ensureWorldHeroHud();if(els.avatarBtn)els.avatarBtn.onclick=openAvatarStudio;
38-otthi-world-integration-bootstrap.js,6139,"window.addEventListener('otthi:cloud-progress-merged',()=>{ensureOtthiWorldState();if(playerModel)applyAvatarCustomization();});"
39-gm-admin-panel.js,34,"return new Promise(resolve=>{let settled=false;const finish=()=>{if(settled)return;settled=true;clearTimeout(timer);window.removeEventListener('otthi:account-state-ready',finish);resolve(true);};const timer=setTimeout(finish,120000);window.addEventListener('otthi:account-state-ready',finish,{once:true});});"
39-gm-admin-panel.js,66,"window.addEventListener('otthi:gm-grant',event=>queueGMGrant(event.detail||{}));"
39-gm-admin-panel.js,80,"list.querySelectorAll('[data-gm-user]').forEach(button=>button.addEventListener('click',()=>gmSelectUser(button.dataset.gmUser)));"
39-gm-admin-panel.js,93,"root.querySelector('[data-gm-grant-form]')?.addEventListener('submit',event=>gmSubmitGrant(event,userRecord));root.querySelector('[data-gm-refresh-user]')?.addEventListener('click',()=>gmSelectUser(userRecord.uid,true));"
39-gm-admin-panel.js,121,"gmPanel.querySelector('[data-gm-close]').addEventListener('click',closeGMPanel);gmPanel.querySelector('[data-gm-refresh]').addEventListener('click',gmRefreshPanel);gmPanel.querySelector('[data-gm-search]').addEventListener('input',gmRenderUserList);return gmPanel;"
39-gm-admin-panel.js,131,"submit.addEventListener('click',verify);input.addEventListener('keydown',event=>{if(event.key==='Enter'){event.preventDefault();verify();}});root.querySelector('[data-gm-access-cancel]').addEventListener('click',closeModal);setTimeout(()=>input?.focus(),80);"
39-gm-admin-panel.js,137,"signature.addEventListener('click',recordTap);signature.addEventListener('keydown',event=>{if(event.key==='Enter'||event.key===' '){event.preventDefault();recordTap();}});"
39-gm-admin-panel.js,138,"document.addEventListener('keydown',event=>{if(event.key==='Escape'&&gmPanel&&!gmPanel.hidden)closeGMPanel();});"
40-world-evolution-v702.js,97,"up.addEventListener('pointerdown',e=>{e.preventDefault();e.stopPropagation();change(.18);},{passive:false});down.addEventListener('pointerdown',e=>{e.preventDefault();e.stopPropagation();change(-.18);},{passive:false});WORLD_V702.cameraButtonsReady=true;"
