type,name,module,line,snippet
top-level-arrow,gmAccessCode,39-gm-admin-panel.js,5,"const gmAccessCode=()=>String.fromCharCode(42,49,55,55);"
top-level-arrow,gmEscape,39-gm-admin-panel.js,6,"const gmEscape=value=>String(value??'').replace(/[&<>'""]/g,char=>({'&':'&amp;','<':'&lt;','>':'&gt;',""'"":'&#39;','""':'&quot;'}[char]));"
function-declaration,v704SportGroundY,00-runtime-foundation.js,6,
function-declaration,ensureVehicleDamageStateV704,00-runtime-foundation.js,7,
top-level-arrow,gmPositiveInt,39-gm-admin-panel.js,7,"const gmPositiveInt=(value,max=GM_MAX_ADD)=>{const number=Math.floor(Number(value)||0);return number>0?Math.min(number,max):0;};"
top-level-arrow,gmItemKey,39-gm-admin-panel.js,8,"const gmItemKey=value=>String(value||'').trim().replace(/[^A-Za-z0-9_-]/g,'').slice(0,48);"
function-declaration,v704SetRaceHud,00-runtime-foundation.js,11,
function-declaration,v704HideRaceHud,00-runtime-foundation.js,16,
top-level-arrow,$,00-runtime-foundation.js,17,"const $ = (s, root = document) => root.querySelector(s);"
top-level-arrow,$$,00-runtime-foundation.js,18,"const $$ = (s, root = document) => [...root.querySelectorAll(s)];"
top-level-arrow,clamp,00-runtime-foundation.js,19,"const clamp = (v, a, b) => Math.max(a, Math.min(b, v));"
top-level-arrow,lerp,00-runtime-foundation.js,20,"const lerp = (a, b, t) => a + (b - a) * t;"
top-level-arrow,approachNumber,00-runtime-foundation.js,21,"const approachNumber=(value,target,step)=>value<target?Math.min(target,value+Math.abs(step)):Math.max(target,value-Math.abs(step));"
top-level-arrow,lerpAngle,00-runtime-foundation.js,22,"const lerpAngle = (a, b, t) => { let d=((b-a+Math.PI)%(Math.PI*2))-Math.PI; if(d<-Math.PI)d+=Math.PI*2; return a+d*t; };"
function-declaration,v704SportBall,00-runtime-foundation.js,22,
top-level-arrow,distance2D,00-runtime-foundation.js,23,"const distance2D = (a, b) => Math.hypot(a.x - b.x, a.z - b.z);"
function-declaration,vehicleIdV704,00-runtime-foundation.js,23,
top-level-arrow,uid,00-runtime-foundation.js,24,const uid = () => (crypto.randomUUID ? crypto.randomUUID() : `p-${Date.now()}-${Math.random().toString(16).slice(2)}`);
top-level-arrow,safePointerCapture,00-runtime-foundation.js,25,"const safePointerCapture=(element,pointerId)=>{try{if(element?.setPointerCapture&&Number.isInteger(pointerId))element.setPointerCapture(pointerId);return true;}catch{return false;}};"
top-level-arrow,safePointerRelease,00-runtime-foundation.js,26,"const safePointerRelease=(element,pointerId)=>{try{if(element?.hasPointerCapture?.(pointerId))element.releasePointerCapture(pointerId);return true;}catch{return false;}};"
function-declaration,v704CreateSimpleAthlete,00-runtime-foundation.js,28,
function-declaration,vehicleDurabilityV704,00-runtime-foundation.js,29,
top-level-arrow,safeLocalGet,00-runtime-foundation.js,30,const safeLocalGet = key => { try { return window.localStorage?.getItem(key) ?? null; } catch { return null; } };
function-declaration,ensureWorldEvolutionState,00-runtime-foundation.js,31,
top-level-arrow,safeLocalSet,00-runtime-foundation.js,31,"const safeLocalSet = (key, value) => { try { window.localStorage?.setItem(key, value); return true; } catch { return false; } };"
top-level-arrow,safeLocalRemove,00-runtime-foundation.js,32,const safeLocalRemove = key => { try { window.localStorage?.removeItem(key); return true; } catch { return false; } };
top-level-arrow,configuredRoomIds,00-runtime-foundation.js,33,const configuredRoomIds = () => (window.OTTHI_CONFIG?.rooms || []).map(item => item.id);
top-level-arrow,normalizeRoomId,00-runtime-foundation.js,34,const normalizeRoomId = value => {
function-declaration,vehicleBrokenV704,00-runtime-foundation.js,35,
function-declaration,vehiclePerformanceV704,00-runtime-foundation.js,41,
top-level-arrow,roomDisplayName,00-runtime-foundation.js,42,const roomDisplayName = value => {
function-declaration,setVehicleDurabilityV704,00-runtime-foundation.js,47,
function-declaration,ensureGMState,00a-visual-foundation-avatar-v2.js,54,
function-declaration,v704FieldLine,00a-visual-foundation-avatar-v2.js,58,
function-declaration,v704CreateGoal,00a-visual-foundation-avatar-v2.js,64,
function-declaration,spawnVehicleDebrisV704,00a-visual-foundation-avatar-v2.js,83,
function-declaration,professionalTerrainHeightAt,00a-visual-foundation-avatar-v2.js,85,
function-declaration,gmDeviceId,00a-visual-foundation-avatar-v2.js,96,
function-declaration,createSportsComplexV704,00a-visual-foundation-avatar-v2.js,100,
function-declaration,updateVehicleDebrisV704,00a-visual-foundation-avatar-v2.js,107,
function-declaration,applyVehicleImpactDamageV704,00a-visual-foundation-avatar-v2.js,113,
function-declaration,gmGrantSummary,00a-visual-foundation-avatar-v2.js,126,
function-declaration,nearestRepairableVehicleV704,00a-visual-foundation-avatar-v2.js,137,
function-declaration,v702TextureMaterial,00a-visual-foundation-avatar-v2.js,139,
function-declaration,repairVehicleV704,00a-visual-foundation-avatar-v2.js,143,
function-declaration,gmNormalizeIncomingGrant,00a-visual-foundation-avatar-v2.js,156,
function-declaration,createV702GroundRecovery,00a-visual-foundation-avatar-v2.js,169,
function-declaration,towVehicleToWorkshopV704,00a-visual-foundation-avatar-v2.js,173,
function-declaration,openBrokenVehicleOptionsV704,00a-visual-foundation-avatar-v2.js,191,
function-declaration,gmWaitForStableAccountState,00a-visual-foundation-avatar-v2.js,192,
function-declaration,terrainVertexColor,00a-visual-foundation-avatar-v2.js,205,
function-declaration,createMountainTerrain,00a-visual-foundation-avatar-v2.js,211,
function-declaration,createVehicleRepairStationV704,00a-visual-foundation-avatar-v2.js,257,
function-declaration,createDesertBiome,00a-visual-foundation-avatar-v2.js,271,
function-declaration,createCourtV704,00a-visual-foundation-avatar-v2.js,274,
function-declaration,createLakeDepthLayers,00a-visual-foundation-avatar-v2.js,305,
function-declaration,openFootballV704,00a-visual-foundation-avatar-v2.js,313,
function-declaration,resetFootballBallV704,00a-visual-foundation-avatar-v2.js,333,
function-declaration,startFootballV704,00a-visual-foundation-avatar-v2.js,338,
function-declaration,farmPlotRecord,00a-visual-foundation-avatar-v2.js,360,
function-declaration,footballKickV704,00a-visual-foundation-avatar-v2.js,363,
function-declaration,cropStage,00a-visual-foundation-avatar-v2.js,365,
function-declaration,updateFootballV704,,368,
function-declaration,queueGMGrant,01-build-persistence.js,369,
function-declaration,updateFarmPlotVisual,01-build-persistence.js,370,
function-declaration,useFarmPlot,01-build-persistence.js,375,
function-declaration,gmStatus,01-build-persistence.js,384,
function-declaration,createFarmingSystem,01-build-persistence.js,395,
function-declaration,gmSetBusy,01-build-persistence.js,399,
function-declaration,gmUserName,01-build-persistence.js,404,
function-declaration,gmItemMeta,01-build-persistence.js,409,
function-declaration,gmInventoryKeys,01-build-persistence.js,414,
function-declaration,gmFormatDate,01-build-persistence.js,419,
function-declaration,gmRenderUserList,01-build-persistence.js,424,
function-declaration,useDigSite,01-build-persistence.js,425,
function-declaration,createDigSites,01-build-persistence.js,430,
top-level-arrow,defaultState,01-build-persistence.js,435,const defaultState = () => ({
function-declaration,v704UpdateScoreboard,01-build-persistence.js,448,
function-declaration,startCourtV704,01-build-persistence.js,453,
function-declaration,decorateThemedCitizen,01-build-persistence.js,455,
function-declaration,gmGrantHistoryMarkup,01-build-persistence.js,459,
function-declaration,courtHitV704,01-build-persistence.js,468,
function-declaration,resetCourtServeV704,01-build-persistence.js,473,
function-declaration,courtPointV704,01-build-persistence.js,478,
function-declaration,updateCourtV704,01-build-persistence.js,483,
function-declaration,gmRenderSelected,01-build-persistence.js,484,
function-declaration,createThemedCitizens,02-state-save-cloud-account.js,495,
function-declaration,createCameraPitchButtons,02-state-save-cloud-account.js,515,
function-declaration,initializeWorldEvolution,02-state-save-cloud-account.js,540,
function-declaration,createKartVehicleV704,02-state-save-cloud-account.js,543,
function-declaration,updateWorldEvolution,02-state-save-cloud-account.js,555,
function-declaration,createKartCircuitV704,02-state-save-cloud-account.js,583,
function-declaration,worldLayoutPoint,02-state-save-cloud-account.js,587,
function-declaration,worldLayoutRect,02-state-save-cloud-account.js,592,
function-declaration,worldLayoutStructure,02-state-save-cloud-account.js,597,
function-declaration,v704RectOverlap,02-state-save-cloud-account.js,601,
function-declaration,v704PointInRect,02-state-save-cloud-account.js,605,
function-declaration,v704RoadFootprint,02-state-save-cloud-account.js,609,
function-declaration,v704RoadAt,02-state-save-cloud-account.js,613,
function-declaration,safeAvatarId,02-state-save-cloud-account.js,616,
function-declaration,v704ZoneAt,02-state-save-cloud-account.js,617,
function-declaration,v704ConstructionAt,02-state-save-cloud-account.js,621,
function-declaration,v704ProtectedRectangles,02-state-save-cloud-account.js,625,
function-declaration,v704ReservedAt,02-state-save-cloud-account.js,629,
function-declaration,ensureGMPanel,02-state-save-cloud-account.js,631,
function-declaration,safeAvatarColor,02-state-save-cloud-account.js,632,
function-declaration,v704BuildAllowedAt,02-state-save-cloud-account.js,633,
function-declaration,startKartRaceV704,02-state-save-cloud-account.js,634,
function-declaration,v704NearestConstructionSlot,02-state-save-cloud-account.js,637,
function-declaration,v704PathRect,02-state-save-cloud-account.js,641,
function-declaration,v704StaticWorldAudit,02-state-save-cloud-account.js,645,
function-declaration,closeGMPanel,02-state-save-cloud-account.js,647,
function-declaration,safeLegacyAvatarChoice,02-state-save-cloud-account.js,648,
function-declaration,openGMAccessGate,02-state-save-cloud-account.js,655,
function-declaration,updateKartRaceV704,02-state-save-cloud-account.js,658,
function-declaration,defaultAvatarV2,02-state-save-cloud-account.js,664,
function-declaration,normalizeAvatarV2,02-state-save-cloud-account.js,676,
function-declaration,registerGMHiddenTrigger,02-state-save-cloud-account.js,691,
function-declaration,handleActiveSportActionV704,02-state-save-cloud-account.js,694,
function-declaration,stopSportV704,02-state-save-cloud-account.js,698,
function-declaration,v704ActualHouseRect,02-state-save-cloud-account.js,713,
function-declaration,v704RuntimeWorldAudit,02-state-save-cloud-account.js,717,
function-declaration,v704PublishSport,02-state-save-cloud-account.js,718,
function-declaration,updateWorldSportsV704,02-state-save-cloud-account.js,722,
function-declaration,updateAvatarV2LegacyChoice,02-state-save-cloud-account.js,756,
function-declaration,registerVisualAsset,03-ui-modal-install-pwa.js,787,
function-declaration,updateVisualAsset,03-ui-modal-install-pwa.js,795,
function-declaration,visualAssetStatus,03-ui-modal-install-pwa.js,798,
function-declaration,visualQualityProfile,03-ui-modal-install-pwa.js,809,
function-declaration,createManagedLOD,03-ui-modal-install-pwa.js,812,
function-declaration,applyVisualQualityBudget,03-ui-modal-install-pwa.js,832,
function-declaration,updateManagedVisualLODs,03-ui-modal-install-pwa.js,842,
function-declaration,outlineBelongsToPlayer,03-ui-modal-install-pwa.js,853,
function-declaration,updateManagedOutlineVisibility,03-ui-modal-install-pwa.js,861,
top-level-arrow,isStandalone,03-ui-modal-install-pwa.js,865,const isStandalone = () => window.matchMedia?.('(display-mode: standalone)').matches || navigator.standalone === true || safeLocalGet('otthos_installed') === '1';
function-declaration,visualFoundationDiagnostics,03-ui-modal-install-pwa.js,882,
function-declaration,createAvatarRigFoundation,03-ui-modal-install-pwa.js,909,
function-declaration,avatarFoundationDiagnostics,03-ui-modal-install-pwa.js,943,
function-declaration,stableBuildId,03-ui-modal-install-pwa.js,962,
function-declaration,normalizeBuildRecord,03-ui-modal-install-pwa.js,968,
function-declaration,normalizeBuildList,03-ui-modal-install-pwa.js,975,
function-declaration,normalizeBuildTombstones,03-ui-modal-install-pwa.js,984,
function-declaration,mergeBuildTombstones,03-ui-modal-install-pwa.js,993,
function-declaration,applyBuildTombstones,03-ui-modal-install-pwa.js,994,
function-declaration,mergeBuildCollections,03-ui-modal-install-pwa.js,998,
function-declaration,mergeEntityCollections,03-ui-modal-install-pwa.js,1001,
function-declaration,normalizeState,04-education-daily-quiz.js,1084,
function-declaration,loadState,04-education-daily-quiz.js,1145,
function-declaration,commitState,05-avatar-life-customization.js,1194,
function-declaration,saveState,05-avatar-life-customization.js,1211,
function-declaration,cloudProgressPayload,05-avatar-life-customization.js,1219,
function-declaration,syncCloudProgress,05-avatar-life-customization.js,1228,
function-declaration,mergeCloudProgress,05-avatar-life-customization.js,1232,
function-declaration,accountLinked,05-avatar-life-customization.js,1254,
function-declaration,accountPromptWasHandled,05-avatar-life-customization.js,1255,
function-declaration,accountStatusText,05-avatar-life-customization.js,1256,
function-declaration,syncGameAccount,05-avatar-life-customization.js,1273,
function-declaration,openAccountForm,06-missions-profile-hud-inventory-tools.js,1335,
function-declaration,openAccountCenter,06-missions-profile-hud-inventory-tools.js,1344,
function-declaration,addXP,06-missions-profile-hud-inventory-tools.js,1353,
function-declaration,openAccountLogoutGate,06-missions-profile-hud-inventory-tools.js,1354,
function-declaration,addCoins,06-missions-profile-hud-inventory-tools.js,1371,
function-declaration,addReputation,06-missions-profile-hud-inventory-tools.js,1375,
function-declaration,awardMedal,06-missions-profile-hud-inventory-tools.js,1379,
function-declaration,setFlag,06-missions-profile-hud-inventory-tools.js,1385,
function-declaration,showScreen,06-missions-profile-hud-inventory-tools.js,1392,
function-declaration,toast,06-missions-profile-hud-inventory-tools.js,1397,
function-declaration,vibrate,06-missions-profile-hud-inventory-tools.js,1403,
function-declaration,beep,06-missions-profile-hud-inventory-tools.js,1406,
function-declaration,openModal,06-missions-profile-hud-inventory-tools.js,1421,
function-declaration,closeModal,06-missions-profile-hud-inventory-tools.js,1436,
top-level-arrow,WORLD_MAP_ROADS,06-missions-profile-hud-inventory-tools.js,1451,const WORLD_MAP_ROADS=WORLD_LAYOUT_V704.roads.map(road=>({...road}));
top-level-arrow,NAV_BASE_NODES,06-missions-profile-hud-inventory-tools.js,1452,"const NAV_BASE_NODES=Object.fromEntries(Object.entries(WORLD_LAYOUT_V704.nodes).map(([id,point])=>[id,{...point}]));"
top-level-arrow,NAV_BASE_EDGES,06-missions-profile-hud-inventory-tools.js,1453,const NAV_BASE_EDGES=WORLD_LAYOUT_V704.edges.map(edge=>[...edge]);
function-declaration,confirmModal,06-missions-profile-hud-inventory-tools.js,1454,
function-declaration,updateInstallUI,07-navigation-traffic-routes.js,1468,
function-declaration,isOfficialOtthiGameAddress,07-navigation-traffic-routes.js,1516,
top-level-arrow,mapPointV704,07-navigation-traffic-routes.js,1552,"const mapPointV704=(id,navOffsetZ=0)=>{const p=worldLayoutPoint(id);return{x:p.x,z:p.z,navX:p.x,navZ:p.z+navOffsetZ};};"
function-declaration,localDateKey,08-map-parent-settings.js,1643,
function-declaration,daysBetween,08-map-parent-settings.js,1644,
function-declaration,ensureDailyChallenges,08-map-parent-settings.js,1645,
function-declaration,dailyDefinition,08-map-parent-settings.js,1646,
function-declaration,trackDaily,08-map-parent-settings.js,1647,
function-declaration,updateDailyBadge,08-map-parent-settings.js,1653,
function-declaration,claimDailyQuest,08-map-parent-settings.js,1654,
function-declaration,seeded,08-map-parent-settings.js,1668,
function-declaration,shuffled,08-map-parent-settings.js,1669,
function-declaration,choiceSet,08-map-parent-settings.js,1670,
function-declaration,mathRound,08-map-parent-settings.js,1671,
function-declaration,portugueseRound,08-map-parent-settings.js,1680,
function-declaration,englishRound,08-map-parent-settings.js,1689,
function-declaration,generateEducationRounds,08-map-parent-settings.js,1698,
function-declaration,subjectLevelRecord,08-map-parent-settings.js,1699,
function-declaration,subjectUnlocked,08-map-parent-settings.js,1700,
function-declaration,educationSummary,08-map-parent-settings.js,1701,
function-declaration,speakKidWord,08-map-parent-settings.js,1702,
function-declaration,dailyChallengesHtml,08-map-parent-settings.js,1703,
function-declaration,educationSubjectHtml,08-map-parent-settings.js,1704,
function-declaration,openEducationHub,08-map-parent-settings.js,1705,
function-declaration,openChallengeHub,08-map-parent-settings.js,1715,
function-declaration,openDailyChallenges,08-map-parent-settings.js,1716,
function-declaration,runEducationGame,08-map-parent-settings.js,1717,
function-declaration,startSoloEducationGame,08-map-parent-settings.js,1731,
function-declaration,finishSoloEducationGame,08-map-parent-settings.js,1732,
function-declaration,startCinematicEmote,08-map-parent-settings.js,1735,
function-declaration,triggerEmote,08-map-parent-settings.js,1738,
function-declaration,openQuiz,08-map-parent-settings.js,1749,
function-declaration,openCollection,08-map-parent-settings.js,1752,
function-declaration,effectiveAvatarUniform,08-map-parent-settings.js,1771,
function-declaration,avatarChoiceGroup,08-map-parent-settings.js,1779,
function-declaration,openAvatarStudio,08-map-parent-settings.js,1784,
function-declaration,openLifePanel,08-map-parent-settings.js,1794,
function-declaration,openMolds,09-responsive-ar-quality-diagnostics.js,1810,
function-declaration,openHow,09-responsive-ar-quality-diagnostics.js,1813,
top-level-arrow,toggleMission,09-responsive-ar-quality-diagnostics.js,1818,const toggleMission = () => openObjectivesPanel();
function-declaration,deriveMissionFlags,09-responsive-ar-quality-diagnostics.js,1912,
function-declaration,evaluateMissions,09-responsive-ar-quality-diagnostics.js,1924,
function-declaration,updateMissionHUD,09-responsive-ar-quality-diagnostics.js,1942,
function-declaration,objectiveStatusLabel,09-responsive-ar-quality-diagnostics.js,1963,
function-declaration,skillMasterySummary,09-responsive-ar-quality-diagnostics.js,1964,
function-declaration,pinChapter,09-responsive-ar-quality-diagnostics.js,1965,
function-declaration,openObjectivesPanel,09-responsive-ar-quality-diagnostics.js,1966,
function-declaration,sanitizePlayerName,09-responsive-ar-quality-diagnostics.js,1974,
function-declaration,hasValidPlayerName,09-responsive-ar-quality-diagnostics.js,1975,
function-declaration,playerDisplayName,09-responsive-ar-quality-diagnostics.js,1976,
function-declaration,playerText,09-responsive-ar-quality-diagnostics.js,1977,
function-declaration,updatePlayerNameUI,09-responsive-ar-quality-diagnostics.js,1978,
function-declaration,applyPlayerName,09-responsive-ar-quality-diagnostics.js,1979,
function-declaration,openPlayerNameModal,09-responsive-ar-quality-diagnostics.js,1980,
function-declaration,updateLobbyStats,09-responsive-ar-quality-diagnostics.js,1985,
function-declaration,updateHUD,09-responsive-ar-quality-diagnostics.js,1992,
function-declaration,openInventory,09-responsive-ar-quality-diagnostics.js,2007,
function-declaration,equippedTool,09-responsive-ar-quality-diagnostics.js,2022,
function-declaration,equipTool,09-responsive-ar-quality-diagnostics.js,2023,
function-declaration,openToolbelt,09-responsive-ar-quality-diagnostics.js,2026,
function-declaration,refreshEquippedToolVisual,09-responsive-ar-quality-diagnostics.js,2029,
function-declaration,playToolAnimation,09-responsive-ar-quality-diagnostics.js,2045,
function-declaration,routeLength,09-responsive-ar-quality-diagnostics.js,2050,
function-declaration,compactRoute,09-responsive-ar-quality-diagnostics.js,2051,
function-declaration,projectPointToSegment,09-responsive-ar-quality-diagnostics.js,2052,
function-declaration,navBlocked,09-responsive-ar-quality-diagnostics.js,2053,
function-declaration,segmentClear,09-responsive-ar-quality-diagnostics.js,2054,
function-declaration,nearestRoadProjection,09-responsive-ar-quality-diagnostics.js,2055,
function-declaration,pointOnRoad,09-responsive-ar-quality-diagnostics.js,2056,
function-declaration,projectPointToPolyline,09-responsive-ar-quality-diagnostics.js,2057,
function-declaration,snapTrafficToRoad,09-responsive-ar-quality-diagnostics.js,2062,
function-declaration,trafficActorList,09-responsive-ar-quality-diagnostics.js,2068,
top-level-arrow,skillButtons,10-player-skills.js,2078,"const skillButtons={miniDash:()=>els.miniBtn,superJump:()=>els.normalBtn,giantSlam:()=>els.giantBtn,stealth:()=>els.crouchBtn,magnetSpin:()=>els.spinBtn};"
function-declaration,trafficPriority,10-player-skills.js,2080,
function-declaration,trafficSpeedFactor,10-player-skills.js,2081,
function-declaration,captureTrafficPositions,10-player-skills.js,2091,
function-declaration,resolveTrafficOverlaps,10-player-skills.js,2092,
function-declaration,graphAdd,10-player-skills.js,2103,
function-declaration,graphShortest,10-player-skills.js,2104,
function-declaration,buildRoutePoints,10-player-skills.js,2105,
function-declaration,routeProgressInfo,10-player-skills.js,2117,
function-declaration,remainingRoute,10-player-skills.js,2118,
function-declaration,sampleRoute,10-player-skills.js,2119,
function-declaration,createRouteGuide,10-player-skills.js,2120,
function-declaration,updateRouteGuide,10-player-skills.js,2121,
function-declaration,miniPoint,10-player-skills.js,2122,
function-declaration,miniMapLogicalSize,10-player-skills.js,2123,
function-declaration,miniMapScale,10-player-skills.js,2124,
function-declaration,drawMiniMap,10-player-skills.js,2125,
function-declaration,updateNavigation,10-player-skills.js,2134,
function-declaration,routeSvgMarkup,10-player-skills.js,2135,
function-declaration,mapLocationDetails,11-render-materials-player-model.js,2201,
function-declaration,worldToMap,11-render-materials-player-model.js,2203,
function-declaration,missionMapLocations,11-render-materials-player-model.js,2205,
function-declaration,onlinePlayerMapLocations,11-render-materials-player-model.js,2217,
function-declaration,currentMapLocations,11-render-materials-player-model.js,2219,
function-declaration,mapDistance,11-render-materials-player-model.js,2220,
function-declaration,mapMarkerPlacements,11-render-materials-player-model.js,2222,
function-declaration,applyMapMarkerPlacements,11-render-materials-player-model.js,2258,
function-declaration,mapVisualNodes,11-render-materials-player-model.js,2267,
function-declaration,mapClusterSelectionMarkup,11-render-materials-player-model.js,2279,
function-declaration,mapSelectionMarkup,11-render-materials-player-model.js,2280,
function-declaration,setWaypoint,11-render-materials-player-model.js,2284,
function-declaration,clearWaypoint,11-render-materials-player-model.js,2289,
function-declaration,openMap,11-render-materials-player-model.js,2290,
function-declaration,refreshOpenMapAfterResize,11-render-materials-player-model.js,2307,
function-declaration,performLocalReset,11-render-materials-player-model.js,2310,
function-declaration,openFinalResetConfirmation,11-render-materials-player-model.js,2313,
function-declaration,formatPlayTime,11-render-materials-player-model.js,2319,
function-declaration,openParentGate,11-render-materials-player-model.js,2348,
function-declaration,openSettings,11-render-materials-player-model.js,2359,
function-declaration,syncMobilePanels,11-render-materials-player-model.js,2410,
function-declaration,otthiGameModelUrl,11-render-materials-player-model.js,2459,
function-declaration,androidSceneViewerUrl,11-render-materials-player-model.js,2463,
function-declaration,isAndroidDevice,11-render-materials-player-model.js,2473,
function-declaration,openAndroidSceneViewer,11-render-materials-player-model.js,2477,
function-declaration,detectStableAutoTier,12-world-resources-nature.js,2519,
function-declaration,vehiclePlayerMode,12-world-resources-nature.js,2539,
function-declaration,derivePlayerMode,12-world-resources-nature.js,2546,
function-declaration,auditPlayerMode,12-world-resources-nature.js,2557,
function-declaration,isOnFootMode,12-world-resources-nature.js,2573,
function-declaration,canEnterMobility,12-world-resources-nature.js,2574,
function-declaration,cameraRelativeVector,12-world-resources-nature.js,2579,
function-declaration,normalizeControlIntent,12-world-resources-nature.js,2584,
function-declaration,requestedQuality,12-world-resources-nature.js,2592,
function-declaration,qualityLabel,12-world-resources-nature.js,2593,
function-declaration,qualityTier,12-world-resources-nature.js,2594,
function-declaration,targetDpr,12-world-resources-nature.js,2595,
function-declaration,applyAdaptiveRenderSettings,12-world-resources-nature.js,2601,
function-declaration,samplePerformance,12-world-resources-nature.js,2611,
function-declaration,lockStableSceneVisibility,12-world-resources-nature.js,2631,
function-declaration,freezeWorldFrustumCulling,12-world-resources-nature.js,2638,
function-declaration,updateVisualLOD,12-world-resources-nature.js,2654,
function-declaration,pwaInstalled,12-world-resources-nature.js,2661,
function-declaration,activeVehicleCount,12-world-resources-nature.js,2662,
function-declaration,runtimeDiagnostics,12-world-resources-nature.js,2663,
function-declaration,ensureTechnicalPanel,12-world-resources-nature.js,2667,
function-declaration,refreshTechnicalPanel,12-world-resources-nature.js,2670,
function-declaration,toggleTechnicalPanel,12-world-resources-nature.js,2671,
function-declaration,initTechnicalPanel,12-world-resources-nature.js,2672,
function-declaration,playerScaleValue,12-world-resources-nature.js,2676,
function-declaration,skillReady,12-world-resources-nature.js,2679,
function-declaration,recordAdvancedSkill,12-world-resources-nature.js,2680,
function-declaration,collectCrystal,12-world-resources-nature.js,2686,
function-declaration,syncPlayerRootScale,12-world-resources-nature.js,2689,
function-declaration,setScaleMode,12-world-resources-nature.js,2699,
function-declaration,toggleCrouch,12-world-resources-nature.js,2719,
function-declaration,spinPlayer,12-world-resources-nature.js,2729,
function-declaration,updateAbilityUI,12-world-resources-nature.js,2736,
function-declaration,canvasTexture,13-houses-npcs-vehicles-base.js,2743,
function-declaration,professionalTexture,13-houses-npcs-vehicles-base.js,2780,
function-declaration,initMaterials,13-houses-npcs-vehicles-base.js,2788,
function-declaration,mat,13-houses-npcs-vehicles-base.js,2835,
function-declaration,geometryKey,13-houses-npcs-vehicles-base.js,2844,
function-declaration,sharedBoxGeometry,13-houses-npcs-vehicles-base.js,2845,
function-declaration,sharedCylinderGeometry,13-houses-npcs-vehicles-base.js,2851,
function-declaration,renderMat,13-houses-npcs-vehicles-base.js,2857,
function-declaration,tintedBrickMaterial,13-houses-npcs-vehicles-base.js,2864,
function-declaration,texturedRoofMaterial,13-houses-npcs-vehicles-base.js,2869,
function-declaration,visualCacheHasValue,13-houses-npcs-vehicles-base.js,2872,
function-declaration,visualCacheOwnsGeometry,13-houses-npcs-vehicles-base.js,2877,
function-declaration,visualCacheOwnsMaterial,13-houses-npcs-vehicles-base.js,2880,
function-declaration,visualCacheOwnsTexture,13-houses-npcs-vehicles-base.js,2883,
function-declaration,disposeDetachedVisual,13-houses-npcs-vehicles-base.js,2884,
function-declaration,addSoftHighlight,13-houses-npcs-vehicles-base.js,2904,
function-declaration,box,13-houses-npcs-vehicles-base.js,2909,
function-declaration,stabilizeSurface,13-houses-npcs-vehicles-base.js,2914,
function-declaration,stableBox,13-houses-npcs-vehicles-base.js,2915,
function-declaration,cylinder,13-houses-npcs-vehicles-base.js,2916,
function-declaration,addGlow,13-houses-npcs-vehicles-base.js,2921,
function-declaration,addVoxelOutline,13-houses-npcs-vehicles-base.js,2925,
function-declaration,premiumBox,13-houses-npcs-vehicles-base.js,2935,
function-declaration,premiumCylinder,13-houses-npcs-vehicles-base.js,2938,
function-declaration,makeWindow,13-houses-npcs-vehicles-base.js,2941,
function-declaration,makePlanter,13-houses-npcs-vehicles-base.js,2945,
function-declaration,createPlayerModel,13-houses-npcs-vehicles-base.js,2949,
function-declaration,loadFaithfulAthosModel,14-world-district-decoration.js,3012,
function-declaration,clearAvatarLayer,14-world-district-decoration.js,3018,
function-declaration,avatarPartLayer,14-world-district-decoration.js,3026,
function-declaration,addUniformPatch,14-world-district-decoration.js,3031,
function-declaration,addUniformLimb,14-world-district-decoration.js,3035,
function-declaration,uniformPalette,14-world-district-decoration.js,3038,
function-declaration,dressAnimatedAvatar,14-world-district-decoration.js,3051,
function-declaration,applyAvatarCustomization,14-world-district-decoration.js,3072,
function-declaration,registerCollider,15-transit-bus-metro.js,3103,
function-declaration,registerPlatform,15-transit-bus-metro.js,3104,
function-declaration,registerInteractable,15-transit-bus-metro.js,3105,
function-declaration,worldPos,15-transit-bus-metro.js,3106,
function-declaration,isInteractionAvailable,15-transit-bus-metro.js,3110,
function-declaration,ensureFlowerBatch,15-transit-bus-metro.js,3117,
function-declaration,createTree,15-transit-bus-metro.js,3131,
function-declaration,createRock,15-transit-bus-metro.js,3153,
function-declaration,createGoldFoundry,15-transit-bus-metro.js,3159,
function-declaration,createGoldMine,15-transit-bus-metro.js,3167,
function-declaration,createVillageWell,15-transit-bus-metro.js,3181,
function-declaration,drawWaterFromWell,15-transit-bus-metro.js,3190,
function-declaration,createFlower,15-transit-bus-metro.js,3195,
function-declaration,createLamp,15-transit-bus-metro.js,3205,
function-declaration,createSignpost,15-transit-bus-metro.js,3213,
function-declaration,createFenceLine,15-transit-bus-metro.js,3219,
function-declaration,createRoad,15-transit-bus-metro.js,3223,
function-declaration,createWater,15-transit-bus-metro.js,3241,
function-declaration,createLava,15-transit-bus-metro.js,3242,
function-declaration,createFurniture,15-transit-bus-metro.js,3244,
function-declaration,signTexture,15-transit-bus-metro.js,3306,
function-declaration,shadeColor,16-emergency-services.js,3337,
function-declaration,decorateHouseCommercial,16-emergency-services.js,3343,
function-declaration,createHouse,16-emergency-services.js,3360,
function-declaration,addHouseInterior,16-emergency-services.js,3387,
function-declaration,registerActivity,16-emergency-services.js,3435,
function-declaration,activityIcon,16-emergency-services.js,3439,
function-declaration,createNPC,16-emergency-services.js,3441,
function-declaration,createNpcMobility,16-emergency-services.js,3460,
function-declaration,createEnemy,16-emergency-services.js,3474,
function-declaration,createCrystal,16-emergency-services.js,3481,
function-declaration,createChest,16-emergency-services.js,3485,
function-declaration,createPlatform,16-emergency-services.js,3488,
function-declaration,vehicleById,16-emergency-services.js,3489,
function-declaration,currentVehicleRef,16-emergency-services.js,3490,
function-declaration,applyVehicleAppearance,16-emergency-services.js,3491,
function-declaration,persistParkedVehicle,,3496,
function-declaration,createToyCar,17-adventures-learning-world.js,3499,
function-declaration,createWaypointMarker,17-adventures-learning-world.js,3512,
function-declaration,updateWaypointMarker,17-adventures-learning-world.js,3518,
function-declaration,createAthleticsGym,17-adventures-learning-world.js,3523,
function-declaration,createSizeChallenges,17-adventures-learning-world.js,3527,
function-declaration,createSkyDome,17-adventures-learning-world.js,3540,
function-declaration,updateClouds,17-adventures-learning-world.js,3556,
function-declaration,createVoxelMushroom,18-water-fishing-boats.js,3561,
function-declaration,iconTexture,18-water-fishing-boats.js,3570,
function-declaration,createChallengeCube,18-water-fishing-boats.js,3573,
function-declaration,createPortalArch,18-water-fishing-boats.js,3574,
function-declaration,createPlayground,18-water-fishing-boats.js,3580,
function-declaration,createFountain,18-water-fishing-boats.js,3584,
function-declaration,createAwning,18-water-fishing-boats.js,3585,
function-declaration,createStreetTree,18-water-fishing-boats.js,3586,
function-declaration,createBackdropBuilding,18-water-fishing-boats.js,3594,
function-declaration,createFloatingIsland,18-water-fishing-boats.js,3605,
function-declaration,createCoinTrail,18-water-fishing-boats.js,3609,
function-declaration,createCommercialDistrict,18-water-fishing-boats.js,3612,
function-declaration,createDistrictVisuals,18-water-fishing-boats.js,3621,
function-declaration,compactBusPath,18-water-fishing-boats.js,3656,
function-declaration,projectedBusPoint,18-water-fishing-boats.js,3661,
function-declaration,offsetBusPath,18-water-fishing-boats.js,3662,
function-declaration,buildBusRoadPath,18-water-fishing-boats.js,3670,
function-declaration,busRoutePoints,18-water-fishing-boats.js,3684,
function-declaration,busNextStop,18-water-fishing-boats.js,3685,
function-declaration,nearestForwardBusSegment,18-water-fishing-boats.js,3686,
function-declaration,recoverBusRoute,18-water-fishing-boats.js,3691,
function-declaration,setBusState,18-water-fishing-boats.js,3695,
function-declaration,setBusWaiting,18-water-fishing-boats.js,3698,
function-declaration,clearBusWaiting,18-water-fishing-boats.js,3701,
function-declaration,restoreBusWaiting,18-water-fishing-boats.js,3702,
function-declaration,busStopRecord,18-water-fishing-boats.js,3703,
function-declaration,safeBusExitPoint,18-water-fishing-boats.js,3704,
function-declaration,createMetroEntrance,18-water-fishing-boats.js,3710,
function-declaration,ensureMetroOverlay,19-campfire-hunting-house-extensions.js,3719,
function-declaration,openMetroStation,19-campfire-hunting-house-extensions.js,3722,
function-declaration,rideMetroTo,19-campfire-hunting-house-extensions.js,3727,
function-declaration,ensureBusStop,19-campfire-hunting-house-extensions.js,3741,
function-declaration,busSpawnIndex,19-campfire-hunting-house-extensions.js,3745,
function-declaration,createBusModel,19-campfire-hunting-house-extensions.js,3748,
function-declaration,createTransitWorld,19-campfire-hunting-house-extensions.js,3771,
function-declaration,busAtStop,19-campfire-hunting-house-extensions.js,3772,
function-declaration,busEtaSeconds,19-campfire-hunting-house-extensions.js,3773,
function-declaration,validateBusCoverage,19-campfire-hunting-house-extensions.js,3774,
function-declaration,busDestinationsAfter,19-campfire-hunting-house-extensions.js,3775,
function-declaration,openBusArrivalOffer,19-campfire-hunting-house-extensions.js,3778,
function-declaration,offerBusAtStop,19-campfire-hunting-house-extensions.js,3788,
function-declaration,openBusStop,19-campfire-hunting-house-extensions.js,3795,
function-declaration,ensureTransitPanel,20-world-build-cloud-houses.js,3807,
function-declaration,updateTransitPanel,20-world-build-cloud-houses.js,3810,
function-declaration,enterBus,20-world-build-cloud-houses.js,3813,
function-declaration,exitBusAtStop,20-world-build-cloud-houses.js,3824,
function-declaration,updateTransitWorld,20-world-build-cloud-houses.js,3833,
function-declaration,decorateCityServices,20-world-build-cloud-houses.js,3879,
function-declaration,serviceKindForJob,20-world-build-cloud-houses.js,3900,
function-declaration,serviceVehiclePools,20-world-build-cloud-houses.js,3901,
function-declaration,serviceVehicleById,20-world-build-cloud-houses.js,3902,
function-declaration,currentServiceMissionJob,20-world-build-cloud-houses.js,3903,
function-declaration,serviceVehicleAvailable,20-world-build-cloud-houses.js,3904,
function-declaration,serviceVehicleAppearance,20-world-build-cloud-houses.js,3905,
function-declaration,safeServiceDepot,20-world-build-cloud-houses.js,3906,
function-declaration,registerServiceVehicle,20-world-build-cloud-houses.js,3907,
function-declaration,enterServiceVehicle,20-world-build-cloud-houses.js,3911,
function-declaration,serviceMissionVehicle,20-world-build-cloud-houses.js,3914,
function-declaration,serviceVehicleMapLocation,20-world-build-cloud-houses.js,3915,
function-declaration,reserveMissionServiceVehicle,20-world-build-cloud-houses.js,3916,
function-declaration,releaseMissionServiceVehicle,20-world-build-cloud-houses.js,3919,
function-declaration,isDrivingServiceVehicle,20-world-build-cloud-houses.js,3920,
function-declaration,onServiceVehicleBoarded,20-world-build-cloud-houses.js,3921,
function-declaration,onServiceVehicleExited,20-world-build-cloud-houses.js,3922,
function-declaration,returnServiceVehicleHome,20-world-build-cloud-houses.js,3923,
function-declaration,createFireIncidentSite,20-world-build-cloud-houses.js,3924,
function-declaration,createFireTruck,20-world-build-cloud-houses.js,3928,
function-declaration,createFireServiceWorld,20-world-build-cloud-houses.js,3934,
function-declaration,activateFireIncident,20-world-build-cloud-houses.js,3935,
function-declaration,ensureActiveFire,20-world-build-cloud-houses.js,3936,
function-declaration,helpExtinguishFire,20-world-build-cloud-houses.js,3937,
function-declaration,extinguishFireIncident,20-world-build-cloud-houses.js,3938,
function-declaration,serviceVehicleRoute,20-world-build-cloud-houses.js,3939,
function-declaration,moveServiceVehicle,20-world-build-cloud-houses.js,3940,
function-declaration,updateFireService,20-world-build-cloud-houses.js,3942,
function-declaration,createPoliceCar,21-interactions-shop-social-races.js,3954,
function-declaration,createAmbulance,21-interactions-shop-social-races.js,3963,
function-declaration,createPoliceSystem,21-interactions-shop-social-races.js,3970,
function-declaration,movePoliceToward,21-interactions-shop-social-races.js,3975,
function-declaration,updatePolicePatrol,21-interactions-shop-social-races.js,3979,
function-declaration,updateSafetyPanel,21-interactions-shop-social-races.js,3982,
function-declaration,startPoliceAlert,21-interactions-shop-social-races.js,3985,
function-declaration,finishSafetyStop,21-interactions-shop-social-races.js,3990,
function-declaration,openSafetyLesson,21-interactions-shop-social-races.js,3994,
function-declaration,updatePoliceSystem,21-interactions-shop-social-races.js,4004,
function-declaration,moveIncidentResponder,21-interactions-shop-social-races.js,4016,
function-declaration,incidentServiceLabel,21-interactions-shop-social-races.js,4022,
function-declaration,lockIncidentActor,21-interactions-shop-social-races.js,4023,
function-declaration,separateIncidentActors,21-interactions-shop-social-races.js,4024,
function-declaration,createIncidentVisual,21-interactions-shop-social-races.js,4025,
function-declaration,createTrafficIncidentAt,21-interactions-shop-social-races.js,4026,
function-declaration,createTrafficIncident,21-interactions-shop-social-races.js,4031,
function-declaration,ensureActiveTrafficIncident,21-interactions-shop-social-races.js,4032,
function-declaration,dispatchIncidentResponder,21-interactions-shop-social-races.js,4033,
function-declaration,dispatchIncidentResponders,21-interactions-shop-social-races.js,4037,
function-declaration,assistTrafficIncident,21-interactions-shop-social-races.js,4038,
function-declaration,markPlayerIncidentArrival,21-interactions-shop-social-races.js,4041,
function-declaration,releaseIncidentActorStates,21-interactions-shop-social-races.js,4042,
function-declaration,resolveTrafficIncident,21-interactions-shop-social-races.js,4043,
function-declaration,updateTrafficIncidents,21-interactions-shop-social-races.js,4048,
function-declaration,openTransitGuide,21-interactions-shop-social-races.js,4061,
function-declaration,createRoyalCastle,21-interactions-shop-social-races.js,4064,
function-declaration,createCastleChallengeTokens,21-interactions-shop-social-races.js,4090,
function-declaration,openAdventureHub,21-interactions-shop-social-races.js,4093,
function-declaration,startAdventure,21-interactions-shop-social-races.js,4096,
function-declaration,restoreActiveAdventure,21-interactions-shop-social-races.js,4099,
function-declaration,advanceAdventure,21-interactions-shop-social-races.js,4105,
function-declaration,finishAdventure,21-interactions-shop-social-races.js,4108,
function-declaration,updateAdventure,21-interactions-shop-social-races.js,4111,
function-declaration,createLearningStation,21-interactions-shop-social-races.js,4114,
function-declaration,createLearningPlaza,21-interactions-shop-social-races.js,4117,
function-declaration,rectOverlap,21-interactions-shop-social-races.js,4124,
function-declaration,insideWater,21-interactions-shop-social-races.js,4125,
function-declaration,waterAt,21-interactions-shop-social-races.js,4126,
function-declaration,isInsideLakeNavigable,,4127,
function-declaration,isNearFishingArea,22-careers-jobs-uniforms.js,4128,
function-declaration,resolveWaterWalking,22-careers-jobs-uniforms.js,4129,
function-declaration,distanceToBoatDock,22-careers-jobs-uniforms.js,4132,
function-declaration,validBoatExit,22-careers-jobs-uniforms.js,4133,
function-declaration,safeBoatExitPoint,22-careers-jobs-uniforms.js,4134,
function-declaration,ensureFishingVisual,22-careers-jobs-uniforms.js,4136,
function-declaration,setFishingLine,22-careers-jobs-uniforms.js,4150,
function-declaration,fishingCastTarget,22-careers-jobs-uniforms.js,4151,
function-declaration,beginFishingVisual,22-careers-jobs-uniforms.js,4158,
function-declaration,castFishingVisual,22-careers-jobs-uniforms.js,4172,
function-declaration,hookFishingVisual,22-careers-jobs-uniforms.js,4173,
function-declaration,pullFishingVisual,22-careers-jobs-uniforms.js,4174,
function-declaration,restoreFishingCamera,22-careers-jobs-uniforms.js,4175,
function-declaration,stopFishingVisual,22-careers-jobs-uniforms.js,4179,
function-declaration,clearFishingTimers,22-careers-jobs-uniforms.js,4186,
function-declaration,setFishingUiActive,22-careers-jobs-uniforms.js,4187,
function-declaration,cancelFishingSession,22-careers-jobs-uniforms.js,4192,
function-declaration,ensureFishingModalStyle,22-careers-jobs-uniforms.js,4193,
function-declaration,updateFishingVisual,22-careers-jobs-uniforms.js,4204,
function-declaration,createShoreFisher,22-careers-jobs-uniforms.js,4215,
function-declaration,createShoreFishingLife,22-careers-jobs-uniforms.js,4221,
function-declaration,updateShoreFishers,22-careers-jobs-uniforms.js,4226,
function-declaration,createBoatModel,22-careers-jobs-uniforms.js,4230,
function-declaration,ensureBoatPanel,22-careers-jobs-uniforms.js,4235,
function-declaration,updateBoatPanel,22-careers-jobs-uniforms.js,4238,
function-declaration,enterBoatAsPassenger,23-vehicle-effects-driving.js,4248,
function-declaration,exitBoat,23-vehicle-effects-driving.js,4256,
function-declaration,updateBoatPhysics,23-vehicle-effects-driving.js,4264,
function-declaration,constrainBoat,23-vehicle-effects-driving.js,4271,
function-declaration,weightedFish,23-vehicle-effects-driving.js,4272,
function-declaration,startFishing,23-vehicle-effects-driving.js,4273,
function-declaration,campfireAllowed,23-vehicle-effects-driving.js,4282,
function-declaration,spawnCampfire,23-vehicle-effects-driving.js,4283,
function-declaration,nearestActiveCampfire,23-vehicle-effects-driving.js,4286,
function-declaration,finishCampfireCooking,23-vehicle-effects-driving.js,4288,
function-declaration,openCampfire,23-vehicle-effects-driving.js,4289,
function-declaration,openNearestCampfire,23-vehicle-effects-driving.js,4292,
function-declaration,openCampfireZone,23-vehicle-effects-driving.js,4293,
function-declaration,createCampfireZone,23-vehicle-effects-driving.js,4294,
function-declaration,createForestAnimal,23-vehicle-effects-driving.js,4295,
function-declaration,startHunting,23-vehicle-effects-driving.js,4296,
function-declaration,createHuntingArea,23-vehicle-effects-driving.js,4297,
function-declaration,nearestOwnedHouseForExtension,23-vehicle-effects-driving.js,4298,
function-declaration,extensionPlacement,23-vehicle-effects-driving.js,4299,
function-declaration,extensionValid,23-vehicle-effects-driving.js,4300,
function-declaration,furnitureCatalogForRoom,23-vehicle-effects-driving.js,4312,
function-declaration,furnitureSpec,23-vehicle-effects-driving.js,4313,
function-declaration,furnitureForExtension,23-vehicle-effects-driving.js,4314,
function-declaration,furnitureFootprint,23-vehicle-effects-driving.js,4315,
function-declaration,furniturePlacementValid,23-vehicle-effects-driving.js,4316,
function-declaration,disposeFurnitureGroup,23-vehicle-effects-driving.js,4317,
function-declaration,clearFurniturePreview,23-vehicle-effects-driving.js,4318,
function-declaration,clearExtensionPreview,23-vehicle-effects-driving.js,4319,
function-declaration,renderExtensionPreview,23-vehicle-effects-driving.js,4320,
function-declaration,createFurnitureModel,23-vehicle-effects-driving.js,4321,
function-declaration,renderExtensionFurniture,23-vehicle-effects-driving.js,4345,
function-declaration,renderFurniturePreview,23-vehicle-effects-driving.js,4346,
function-declaration,nextFurnitureSlot,23-vehicle-effects-driving.js,4347,
function-declaration,openFurniturePlacement,23-vehicle-effects-driving.js,4348,
function-declaration,openFurnitureManager,23-vehicle-effects-driving.js,4350,
function-declaration,spawnHouseExtension,23-vehicle-effects-driving.js,4351,
function-declaration,resourcesEnough,23-vehicle-effects-driving.js,4352,
function-declaration,costText,23-vehicle-effects-driving.js,4353,
function-declaration,openHouseExtensionPlanner,23-vehicle-effects-driving.js,4354,
function-declaration,openHouseExtensionMenu,23-vehicle-effects-driving.js,4355,
function-declaration,createLakeExpansion,23-vehicle-effects-driving.js,4356,
function-declaration,restoreLifeExpansion,23-vehicle-effects-driving.js,4361,
function-declaration,updateLifeActivities,23-vehicle-effects-driving.js,4362,
function-declaration,createLifeExpansionWorld,23-vehicle-effects-driving.js,4366,
function-declaration,buildWorld,23-vehicle-effects-driving.js,4367,
function-declaration,collectResource,24-construction-system.js,4441,
function-declaration,openChest,24-construction-system.js,4451,
function-declaration,cloudHouseRecord,24-construction-system.js,4458,
function-declaration,isMyCloudHouse,24-construction-system.js,4459,
function-declaration,reconcileCloudHouses,24-construction-system.js,4460,
function-declaration,enterHouse,24-construction-system.js,4490,
function-declaration,exitHouse,25-render-init-resize-position-collision.js,4502,
function-declaration,useActivity,25-render-init-resize-position-collision.js,4512,
function-declaration,openHomeChest,25-render-init-resize-position-collision.js,4517,
function-declaration,openShop,25-render-init-resize-position-collision.js,4550,
top-level-arrow,autoSaveInterval,25-render-init-resize-position-collision.js,4563,"const autoSaveInterval=setInterval(()=>{if(running){savePlayerPosition(true);}},8000);"
function-declaration,openWorkshop,25-render-init-resize-position-collision.js,4577,
function-declaration,friendshipTier,25-render-init-resize-position-collision.js,4586,
function-declaration,changeFriendship,25-render-init-resize-position-collision.js,4587,
function-declaration,talkToNPC,25-render-init-resize-position-collision.js,4592,
function-declaration,openHouseChallenge,26-input-player-physics.js,4640,
function-declaration,openRaceCenter,26-input-player-physics.js,4647,
function-declaration,createRaceOpponent,26-input-player-physics.js,4653,
function-declaration,clearRaceObjects,26-input-player-physics.js,4656,
function-declaration,spawnRaceCoins,26-input-player-physics.js,4661,
function-declaration,startRace,26-input-player-physics.js,4667,
function-declaration,finishRace,26-input-player-physics.js,4678,
function-declaration,updateRace,26-input-player-physics.js,4688,
function-declaration,setMissionState,26-input-player-physics.js,4701,
function-declaration,missionVehicleName,26-input-player-physics.js,4703,
function-declaration,missionInstructionSteps,26-input-player-physics.js,4705,
function-declaration,missionBriefingMarkup,26-input-player-physics.js,4707,
function-declaration,equipJobUniform,26-input-player-physics.js,4709,
function-declaration,focusActiveJob,26-input-player-physics.js,4719,
function-declaration,activeJobProgress,26-input-player-physics.js,4747,
function-declaration,openJobCenter,26-input-player-physics.js,4758,
function-declaration,startJob,27-npc-enemies-combat-camera-action.js,4767,
function-declaration,completeActiveJob,27-npc-enemies-combat-camera-action.js,4776,
function-declaration,checkActiveJob,27-npc-enemies-combat-camera-action.js,4790,
function-declaration,restoreActiveJobRuntime,27-npc-enemies-combat-camera-action.js,4798,
function-declaration,updateCareerMissions,27-npc-enemies-combat-camera-action.js,4801,
function-declaration,openTeacherJobLesson,27-npc-enemies-combat-camera-action.js,4813,
function-declaration,openFireStationDesk,27-npc-enemies-combat-camera-action.js,4817,
function-declaration,startDeliveryJob,27-npc-enemies-combat-camera-action.js,4829,
function-declaration,clearServiceVehicleVisual,27-npc-enemies-combat-camera-action.js,4834,
function-declaration,serviceVehicleIcon,27-npc-enemies-combat-camera-action.js,4838,
function-declaration,applyServiceVehicleVisual,27-npc-enemies-combat-camera-action.js,4839,
function-declaration,spawnDust,27-npc-enemies-combat-camera-action.js,4852,
function-declaration,updateFX,27-npc-enemies-combat-camera-action.js,4858,
function-declaration,startEngineSound,27-npc-enemies-combat-camera-action.js,4868,
function-declaration,stopEngineSound,27-npc-enemies-combat-camera-action.js,4879,
function-declaration,updateVehicleFX,27-npc-enemies-combat-camera-action.js,4884,
function-declaration,mobilityDriverActive,27-npc-enemies-combat-camera-action.js,4909,
function-declaration,updateMobilityControlLabels,27-npc-enemies-combat-camera-action.js,4910,
function-declaration,updateVehicleControlsUI,27-npc-enemies-combat-camera-action.js,4918,
function-declaration,vehicleHorn,27-npc-enemies-combat-camera-action.js,4926,
function-declaration,enterVehicle,,4929,
function-declaration,enterVehicleAsPassenger,28-multiplayer-social-online.js,4937,
function-declaration,exitVehicle,28-multiplayer-social-online.js,4946,
function-declaration,repairBridge,28-multiplayer-social-online.js,4955,
function-declaration,buildCostText,28-multiplayer-social-online.js,4970,
function-declaration,currentBuildOwnerIds,28-multiplayer-social-online.js,4971,
function-declaration,buildOwnedByPlayer,28-multiplayer-social-online.js,4972,
function-declaration,buildFootprint,28-multiplayer-social-online.js,4973,
function-declaration,buildNeedsWorldMigrationV704,28-multiplayer-social-online.js,4977,
function-declaration,migrateWorldBuildsToSafeZoneV704,28-multiplayer-social-online.js,4984,
function-declaration,buildPlacementCandidate,28-multiplayer-social-online.js,4992,
function-declaration,canBuildAt,28-multiplayer-social-online.js,4998,
function-declaration,createBuildPreviewMesh,28-multiplayer-social-online.js,5011,
function-declaration,disposeBuildPreview,28-multiplayer-social-online.js,5023,
function-declaration,ensureBuildPanel,28-multiplayer-social-online.js,5026,
function-declaration,updateBuildPanel,28-multiplayer-social-online.js,5031,
function-declaration,updateBuildPreview,28-multiplayer-social-online.js,5036,
function-declaration,beginBuildMode,28-multiplayer-social-online.js,5042,
function-declaration,endBuildMode,28-multiplayer-social-online.js,5046,
function-declaration,rotateBuildPreview,28-multiplayer-social-online.js,5049,
function-declaration,openBuildMenu,28-multiplayer-social-online.js,5050,
function-declaration,placeBuild,28-multiplayer-social-online.js,5057,
function-declaration,spawnBuild,28-multiplayer-social-online.js,5068,
function-declaration,buildRecordSignature,28-multiplayer-social-online.js,5081,
function-declaration,removeWorldBuildRecord,28-multiplayer-social-online.js,5082,
function-declaration,initThree,28-multiplayer-social-online.js,5083,
function-declaration,buildConflictsWithMasterWorldV704,28-multiplayer-social-online.js,5090,
function-declaration,applyQuality,28-multiplayer-social-online.js,5101,
function-declaration,migrateLegacyWorldBuildsV704,28-multiplayer-social-online.js,5102,
function-declaration,viewportMetrics,28-multiplayer-social-online.js,5103,
function-declaration,reconcileWorldBuilds,28-multiplayer-social-online.js,5112,
function-declaration,resize,29-game-loop-controls-gamepad.js,5129,
top-level-arrow,nextPaint,29-game-loop-controls-gamepad.js,5142,const nextPaint=()=>new Promise(resolve=>requestAnimationFrame(()=>resolve()));
function-declaration,scheduleStableResize,29-game-loop-controls-gamepad.js,5146,
function-declaration,ensureViewportCoherence,29-game-loop-controls-gamepad.js,5147,
function-declaration,refreshOrientationLayout,29-game-loop-controls-gamepad.js,5151,
function-declaration,restorePosition,29-game-loop-controls-gamepad.js,5156,
function-declaration,returnHome,29-game-loop-controls-gamepad.js,5162,
function-declaration,savePlayerPosition,29-game-loop-controls-gamepad.js,5169,
function-declaration,groundHeightAt,29-game-loop-controls-gamepad.js,5182,
function-declaration,positionBlockedForPlayer,29-game-loop-controls-gamepad.js,5185,
function-declaration,safePointNear,29-game-loop-controls-gamepad.js,5202,
function-declaration,rememberSafePlayerPosition,29-game-loop-controls-gamepad.js,5207,
function-declaration,resetPlayerModesForRecovery,29-game-loop-controls-gamepad.js,5213,
function-declaration,recoverPlayerToLastSafe,29-game-loop-controls-gamepad.js,5220,
function-declaration,recoverPlayerIfInvalid,29-game-loop-controls-gamepad.js,5225,
function-declaration,safeVehicleExitPoint,29-game-loop-controls-gamepad.js,5233,
function-declaration,vehicleHitsCollider,29-game-loop-controls-gamepad.js,5237,
function-declaration,registerVehicleImpact,30-pause-tests-public-api-bootstrap.js,5246,
function-declaration,resolveCollisions,30-pause-tests-public-api-bootstrap.js,5250,
function-declaration,resolveMovementInput,30-pause-tests-public-api-bootstrap.js,5252,
function-declaration,sprintRequested,30-pause-tests-public-api-bootstrap.js,5281,
function-declaration,updateRunUI,30-pause-tests-public-api-bootstrap.js,5282,
function-declaration,clearMovementInputs,30-pause-tests-public-api-bootstrap.js,5285,
function-declaration,canJump,30-pause-tests-public-api-bootstrap.js,5293,
function-declaration,requestJump,30-pause-tests-public-api-bootstrap.js,5294,
function-declaration,doJump,30-pause-tests-public-api-bootstrap.js,5295,
function-declaration,updatePlayer,30-pause-tests-public-api-bootstrap.js,5296,
function-declaration,mobilityThrottleIntent,30-pause-tests-public-api-bootstrap.js,5331,
function-declaration,updateVehiclePhysics,30-pause-tests-public-api-bootstrap.js,5344,
function-declaration,animatePlayer,30-pause-tests-public-api-bootstrap.js,5359,
function-declaration,checkHazards,30-pause-tests-public-api-bootstrap.js,5385,
function-declaration,collectNearbyCrystals,30-pause-tests-public-api-bootstrap.js,5388,
function-declaration,npcSpeech,30-pause-tests-public-api-bootstrap.js,5392,
function-declaration,nearestRideCompanion,30-pause-tests-public-api-bootstrap.js,5393,
function-declaration,nearestBoardableNpc,30-pause-tests-public-api-bootstrap.js,5396,
function-declaration,boardNpcPassenger,30-pause-tests-public-api-bootstrap.js,5399,
function-declaration,releaseNpcPassenger,30-pause-tests-public-api-bootstrap.js,5402,
function-declaration,updateNpcSociety,30-pause-tests-public-api-bootstrap.js,5405,
function-declaration,updateNPCs,30-pause-tests-public-api-bootstrap.js,5415,
top-level-arrow,ROOM_WORLD_LAYOUTS,31-neighborhood-world-controller.js,5424,"const ROOM_WORLD_LAYOUTS=new Map((window.OTTHI_CONFIG?.rooms||[]).map(room=>[room.id,{...room,shortName:String(room.name||'Bairro').replace('Bairro da ','').replace('Bairro do ','').replace('Bairro ','')}]))"
function-declaration,updateEnemies,,5452,
function-declaration,meleeAttack,32-cooperative-missions.js,5461,
function-declaration,damageEnemy,32-cooperative-missions.js,5466,
function-declaration,firePower,32-cooperative-missions.js,5470,
function-declaration,updateFireballs,32-cooperative-missions.js,5476,
function-declaration,updateCamera,32-cooperative-missions.js,5480,
function-declaration,nearestInteractable,32-cooperative-missions.js,5514,
function-declaration,updateContext,32-cooperative-missions.js,5532,
function-declaration,doAction,32-cooperative-missions.js,5536,
function-declaration,updateNeeds,32-cooperative-missions.js,5549,
function-declaration,multiplayerGameLabel,32-cooperative-missions.js,5557,
function-declaration,guardianMultiplayerAllowed,32-cooperative-missions.js,5558,
function-declaration,guardianCommunicationAllowed,32-cooperative-missions.js,5559,
function-declaration,publicPlayerName,32-cooperative-missions.js,5560,
function-declaration,remotePlayerName,32-cooperative-missions.js,5564,
function-declaration,sanitizeRemoteSession,32-cooperative-missions.js,5567,
function-declaration,pendingChallenges,32-cooperative-missions.js,5572,
function-declaration,readyGameSessions,32-cooperative-missions.js,5573,
function-declaration,closeChallengePrompt,32-cooperative-missions.js,5574,
function-declaration,showIncomingChallengePrompt,32-cooperative-missions.js,5575,
function-declaration,showReadySessionPrompt,32-cooperative-missions.js,5576,
function-declaration,socialActionLabel,32-cooperative-missions.js,5578,
function-declaration,socialRequestPending,32-cooperative-missions.js,5579,
function-declaration,showIncomingSocialRequest,32-cooperative-missions.js,5580,
function-declaration,applyAcceptedSocialAction,32-cooperative-missions.js,5593,
function-declaration,updateOnlineAttention,32-cooperative-missions.js,5611,
function-declaration,challengeInboxHtml,32-cooperative-missions.js,5612,
function-declaration,socialRequestInboxHtml,32-cooperative-missions.js,5613,
function-declaration,completedGameSessions,32-cooperative-missions.js,5614,
function-declaration,rememberMatchResult,32-cooperative-missions.js,5615,
function-declaration,duelHistoryHtml,32-cooperative-missions.js,5616,
function-declaration,activeSessionsHtml,32-cooperative-missions.js,5617,
function-declaration,bindChallengeCards,32-cooperative-missions.js,5618,
function-declaration,highestUnlockedLevel,32-cooperative-missions.js,5621,
function-declaration,openChallengePicker,32-cooperative-missions.js,5622,
function-declaration,sessionOpponentName,32-cooperative-missions.js,5623,
function-declaration,startMultiplayerEducationGame,32-cooperative-missions.js,5624,
function-declaration,maybeShowMultiplayerResult,32-cooperative-missions.js,5625,
function-declaration,currentOnlineRoom,32-cooperative-missions.js,5626,
function-declaration,multiplayerStatusText,32-cooperative-missions.js,5627,
function-declaration,updateMultiplayerBadge,32-cooperative-missions.js,5628,
function-declaration,onlinePlayers,32-cooperative-missions.js,5629,
function-declaration,onlinePlayerListHtml,32-cooperative-missions.js,5630,
function-declaration,bindOnlinePlayerCards,32-cooperative-missions.js,5631,
function-declaration,refreshOpenSocialHub,32-cooperative-missions.js,5632,
function-declaration,approvedChatPhrases,32-cooperative-missions.js,5633,
function-declaration,openSocialHub,32-cooperative-missions.js,5634,
function-declaration,escapeHtml,32-cooperative-missions.js,5645,
function-declaration,chatMessageHtml,32-cooperative-missions.js,5646,
function-declaration,openReportPlayer,32-cooperative-missions.js,5647,
function-declaration,openRemotePlayerActions,32-cooperative-missions.js,5654,
function-declaration,nearestRemotePlayer,32-cooperative-missions.js,5674,
function-declaration,openMultiplayerConfig,32-cooperative-missions.js,5675,
function-declaration,applyCloudWorldObjects,32-cooperative-missions.js,5676,
function-declaration,remotePlayerEvent,33-otthi-world-professional-core.js,5683,
function-declaration,initLocalMultiplayer,33-otthi-world-professional-core.js,5722,
function-declaration,sanitizeMultiplayerAvatar,33-otthi-world-professional-core.js,5727,
function-declaration,multiplayerAvatarDescriptor,33-otthi-world-professional-core.js,5733,
function-declaration,multiplayerAvatarSignature,33-otthi-world-professional-core.js,5734,
function-declaration,avatarHex,33-otthi-world-professional-core.js,5735,
function-declaration,avatarIdIncludes,33-otthi-world-professional-core.js,5736,
function-declaration,avatarSkinHex,33-otthi-world-professional-core.js,5737,
function-declaration,multiplayerAvatarPrimaryColor,33-otthi-world-professional-core.js,5738,
function-declaration,disposeGhostAvatar,33-otthi-world-professional-core.js,5739,
function-declaration,ghostSphere,33-otthi-world-professional-core.js,5740,
function-declaration,addGhostFace,33-otthi-world-professional-core.js,5741,
function-declaration,addGhostHair,33-otthi-world-professional-core.js,5748,
function-declaration,updatePlayUsage,33-otthi-world-professional-core.js,5754,
function-declaration,buildRemoteAvatarVisual,33-otthi-world-professional-core.js,5759,
function-declaration,showWorldLoading,33-otthi-world-professional-core.js,5790,
function-declaration,showWorldLoadFailure,33-otthi-world-professional-core.js,5800,
function-declaration,applyRemoteAvatarIfChanged,34-avatar-studio-professional-v3.js,5815,
function-declaration,gameLoop,34-avatar-studio-professional-v3.js,5816,
function-declaration,multiplayerNameTexture,34-avatar-studio-professional-v3.js,5817,
function-declaration,updateLocalPlayerNameLabel,34-avatar-studio-professional-v3.js,5819,
function-declaration,updateGhostName,34-avatar-studio-professional-v3.js,5821,
function-declaration,ghostVehicleKind,34-avatar-studio-professional-v3.js,5823,
function-declaration,styleGhostVehicle,34-avatar-studio-professional-v3.js,5825,
function-declaration,createGhost,34-avatar-studio-professional-v3.js,5839,
function-declaration,updateMultiplayer,34-avatar-studio-professional-v3.js,5853,
function-declaration,setupControls,34-avatar-studio-professional-v3.js,5878,
function-declaration,pollGamepad,35-world-render-pbr-environment.js,5904,
function-declaration,stopGame,35-world-render-pbr-environment.js,5928,
function-declaration,openPauseMenu,35-world-render-pbr-environment.js,5934,
function-declaration,updateBridgeVisual,35-world-render-pbr-environment.js,5947,
function-declaration,prepareVehicleTestArea,35-world-render-pbr-environment.js,5950,
function-declaration,stepVehicleSimulation,36-modular-build-machines.js,5963,
function-declaration,roomWorldInfo,37-hero-platform-gameplay.js,6114,
function-declaration,roomHouseMarkers,37-hero-platform-gameplay.js,6115,
function-declaration,mapHouseLocations,37-hero-platform-gameplay.js,6116,
function-declaration,mapRegionsMarkup,37-hero-platform-gameplay.js,6117,
function-declaration,clearRemoteRoomEntities,37-hero-platform-gameplay.js,6118,
function-declaration,resetMobilityForRoomChange,37-hero-platform-gameplay.js,6122,
function-declaration,canChangeRoom,38-otthi-world-integration-bootstrap.js,6127,
function-declaration,focusCurrentRoom,38-otthi-world-integration-bootstrap.js,6128,
function-declaration,applyRoomWorld,38-otthi-world-integration-bootstrap.js,6129,
function-declaration,coopStreetRoutePoint,38-otthi-world-integration-bootstrap.js,6151,
function-declaration,coopPointAccessible,,6155,
function-declaration,coopMissionPreflight,,6156,
function-declaration,coopObjectiveSnapshot,,6167,
function-declaration,ensureCooperativeState,,6170,
function-declaration,coopUid,,6171,
function-declaration,coopMissionTemplate,,6172,
function-declaration,activeCoopMission,,6173,
function-declaration,activeCoopRecord,,6174,
function-declaration,activeCoopServiceJob,,6175,
function-declaration,coopParticipants,,6176,
function-declaration,coopOwnParticipant,,6177,
function-declaration,coopRoleLabel,,6178,
function-declaration,coopProgress,,6179,
function-declaration,coopEventValues,,6180,
function-declaration,coopHasEvent,,6181,
function-declaration,coopIndividualCount,,6182,
function-declaration,coopRoleCapacity,,6183,
function-declaration,coopRoleTaken,,6184,
function-declaration,coopEventSubjectId,,6185,
function-declaration,coopMedicalDestination,,6186,
function-declaration,coopRaceStandings,,6187,
function-declaration,coopRaceTargetReached,,6190,
function-declaration,coopMissionMapLocations,,6191,
function-declaration,coopServiceKind,,6196,
function-declaration,coopMissionHash,,6197,
function-declaration,coopSceneTarget,,6198,
function-declaration,coopNearestSchool,,6205,
function-declaration,coopNearestInvitableNpc,,6206,
function-declaration,coopCurrentTarget,,6207,
function-declaration,coopCurrentInstruction,,6226,
function-declaration,coopMissionProgressLabel,,6241,
function-declaration,coopMissionBriefingMarkup,,6242,
function-declaration,coopPermissionDenied,,6246,
function-declaration,bindCoopActionButton,,6248,
function-declaration,coopLocalRecord,,6249,
function-declaration,coopActiveState,,6252,
function-declaration,continueCoopMissionOffline,,6267,
function-declaration,prepareCoopMissionRuntime,,6272,
function-declaration,coopSetWaypoint,,6280,
function-declaration,onCoopServiceVehicleBoarded,,6281,
function-declaration,coopNearbyParticipantCount,,6290,
function-declaration,updateCoopFishingProgress,,6329,
function-declaration,updateCoopSchoolFollowers,,6330,
function-declaration,activateCoopRaceBots,,6331,
function-declaration,deactivateCoopRaceBots,,6332,
function-declaration,updateCoopRaceVisuals,,6333,
function-declaration,updateCoopRaceProgress,,6335,
function-declaration,removeCoopCampfire,,6355,
function-declaration,resolveCoopMissionScene,,6356,
function-declaration,resetCoopMissionNpcs,,6357,
function-declaration,completeCoopMissionLocal,,6358,
function-declaration,openCoopLobby,,6362,
function-declaration,openCoopMissionCenter,,6372,
function-declaration,createCoopOvalTrackWorld,,6384,
function-declaration,createCooperativeMissionWorld,,6398,
function-declaration,updateCoopMissions,,6408,
function-declaration,ensureOtthiWorldState,,6419,
function-declaration,updateCoopVisuals,,6422,
function-declaration,worldPbrPath,,6430,
function-declaration,configureWorldTexture,,6431,
function-declaration,loadWorldTexture,,6441,
function-declaration,ensureUv2,,6451,
function-declaration,applyPbrPack,,6455,
function-declaration,upgradeCoreMaterialsToWorldPbr,,6467,
function-declaration,improveSceneMeshMaterials,,6476,
function-declaration,otthiWorldStageMarkup,,6487,
function-declaration,openOtthiWorldCenter,,6490,
function-declaration,injectOtthiWorldButtons,,6494,
function-declaration,applyOtthiWorldRuntimeSettings,,6499,
function-declaration,otthiWorldDiagnostics,,6505,
function-declaration,worldAvatarSafeChoice,,6518,
function-declaration,disposeWorldAvatarObject,,6521,
function-declaration,clearWorldAvatarV3,,6524,
function-declaration,worldAvatarMaterial,,6529,
function-declaration,worldAvatarLayer,,6532,
function-declaration,avatarV3Box,,6535,
function-declaration,avatarV3Sphere,,6536,
function-declaration,avatarPatternColor,,6537,
function-declaration,applyWorldAvatarV3,,6538,
function-declaration,worldAvatarOptions,,6595,
function-declaration,otthiSeededRandom,,6604,
function-declaration,worldDetailAllowed,,6606,
function-declaration,createWorldInstancedDetails,,6619,
function-declaration,createWorldMushroomCluster,,6629,
function-declaration,enhanceWorldHouses,,6634,
function-declaration,createWorldAtmosphericDetails,,6645,
function-declaration,createWorldLandmarks,,6651,
function-declaration,createOtthiWorldProfessionalLayer,,6657,
function-declaration,updateOtthiWorldEnvironment,,6662,
function-declaration,registerWorldBuildRecord,,6699,
function-declaration,defaultWorldVehicleParts,,6734,
function-declaration,worldVehicleParts,,6735,
function-declaration,removeWorldVehicleModules,,6740,
function-declaration,worldVehicleModuleMaterial,,6741,
function-declaration,applyWorldVehicleModulesToGroup,,6742,
function-declaration,worldVehicleMapLocations,,6765,
function-declaration,vehicleCatalogOptions,,6782,
function-declaration,worldHeroState,,6783,
function-declaration,openWorldModularGarage,,6784,
function-declaration,heroPowerUnlocked,,6785,
function-declaration,heroPowerReady,,6787,
function-declaration,createHeroPulseVisual,,6789,
function-declaration,activateWorldHeroPower,,6795,
function-declaration,createWorldModularGarageInteractable,,6804,
function-declaration,worldHeroPowerCards,,6818,
function-declaration,openWorldHeroCenter,,6819,
function-declaration,createHeroPlatform,,6827,
function-declaration,createHeroToken,,6828,
function-declaration,createWorldHeroAdventure,,6829,
function-declaration,resetWorldHeroTokens,,6837,
function-declaration,startWorldHeroChallenge,,6838,
function-declaration,completeWorldHeroChallenge,,6841,
function-declaration,updateWorldHeroAdventure,,6842,
function-declaration,ensureWorldHeroHud,,6849,
function-declaration,updateWorldHeroHud,,6852,
function-declaration,bootstrapOtthiWorldShell,,6862,
